timeStampNs,gameTime,posX,posY,posZ,rotX,rotY,rotZ,
32156600,0.0000,-2.4270,0.0000,-0.4420,0.0000,0.0000,0.0000,
953824400,0.0000,-2.4270,0.0574,-0.4420,0.0000,0.0000,0.0000,
978037000,0.0000,-2.4270,0.0574,-0.4420,0.0000,0.0000,0.0000,
1027094500,0.0000,-2.4270,0.0574,-0.4420,0.0000,0.0000,0.0000,
1038737500,0.0000,-2.4270,0.0574,-0.4420,0.0000,0.0000,0.0000,
1052736200,0.0000,-2.4270,0.0574,-0.4420,0.0000,0.0000,0.0000,
1063259400,0.0000,-2.4270,0.0574,-0.4420,0.0000,0.0000,0.0000,
1077586000,0.0000,-2.4270,0.0574,-0.4420,0.0000,0.0000,0.0000,
1094748600,0.0000,-2.4270,0.0574,-0.4420,0.0000,0.0000,0.0000,
1107854900,0.0000,-2.4270,0.0574,-0.4420,0.0000,0.0000,0.0000,
1122188800,0.0000,-2.4270,0.0574,-0.4420,0.0000,0.0000,0.0000,
1135998900,0.0000,-2.4270,0.0574,-0.4420,0.0000,0.0000,0.0000,
1149660000,0.0000,-2.4270,0.0574,-0.4420,0.0000,0.0000,0.0000,
1163762800,0.0000,-2.4270,0.0574,-0.4420,0.0000,0.0000,0.0000,
1177826600,0.0000,-2.4270,0.0574,-0.4420,0.0000,0.0000,0.0000,
1191908300,0.0000,-2.4270,0.0574,-0.4420,0.0000,0.0000,0.0000,
1205106700,0.0000,-2.4270,0.0574,-0.4420,0.0000,0.0000,0.0000,
1219243900,0.0000,-2.4270,0.0574,-0.4420,0.0000,0.0000,0.0000,
1233313700,0.0000,-2.4270,0.0574,-0.4420,0.0000,0.0000,0.0000,
1246946100,0.0000,-2.4270,0.0574,-0.4420,0.0000,0.0000,0.0000,
1261162500,0.0000,-2.4270,0.0574,-0.4420,0.0000,0.0000,0.0000,
1275022900,0.0000,-2.4270,0.0574,-0.4420,0.0000,0.0000,0.0000,
1288630800,0.0000,-2.4270,0.0574,-0.4420,0.0000,0.0000,0.0000,
1302924700,0.0000,-2.4270,0.0574,-0.4420,0.0000,0.0000,0.0000,
1316757600,0.0000,-2.4270,0.0574,-0.4420,0.0000,0.0000,0.0000,
1330771700,0.0000,-2.4270,0.0574,-0.4420,0.0000,0.0000,0.0000,
1344475600,0.0000,-2.4270,0.0574,-0.4420,0.0000,0.0000,0.0000,
1358540900,0.0000,-2.4270,0.0574,-0.4420,0.0000,0.0000,0.0000,
1372318300,0.0000,-2.4270,0.0574,-0.4420,0.0000,0.0000,0.0000,
1386110900,0.0000,-2.4270,0.0574,-0.4420,0.0000,0.0000,0.0000,
1400279500,0.0000,-2.4270,0.0574,-0.4420,0.0000,0.0000,0.0000,
1414175800,0.0000,-2.4270,0.0574,-0.4420,0.0000,0.0000,0.0000,
1427865400,0.0000,-2.4270,0.0574,-0.4420,0.0000,90.0000,0.0000,
1441988300,0.0000,-2.4270,0.0574,-0.4420,0.0000,90.0000,0.0000,
1455818800,0.0000,-2.4270,0.0574,-0.4420,0.0000,90.0000,0.0000,
1469662000,0.0000,-2.4270,0.0574,-0.4420,0.0000,90.0000,0.0000,
1483885300,0.0000,-2.4270,0.0574,-0.4420,0.0000,90.0000,0.0000,
1497711200,0.0000,-2.4270,0.0574,-0.4420,0.0000,90.0000,0.0000,
1511867800,0.0000,-2.4270,0.0574,-0.4420,0.0000,90.0000,0.0000,
1525369100,0.0000,-2.4270,0.0574,-0.4420,0.0000,90.0000,0.0000,
1539471300,0.0000,-2.4270,0.0574,-0.4420,0.0000,90.0000,0.0000,
1553676400,0.0000,-2.4270,0.0574,-0.4420,0.0000,90.0000,0.0000,
1567243900,0.0000,-2.4270,0.0574,-0.4420,0.0000,90.0000,0.0000,
1581415700,0.0000,-2.4270,0.0574,-0.4420,0.0000,90.0000,0.0000,
1595193500,0.0000,-2.4270,0.0574,-0.4420,0.0000,90.0000,0.0000,
1608870600,0.0000,-2.4270,0.0574,-0.4420,0.0000,90.0000,0.0000,
1623022100,0.0000,-2.4270,0.0574,-0.4420,0.0000,90.0000,0.0000,
1637021600,0.0000,-2.4270,0.0574,-0.4420,0.0000,90.0000,0.0000,
1650836000,0.0000,-2.4270,0.0574,-0.4420,0.0000,90.0000,0.0000,
1664545800,0.0000,-2.4270,0.0574,-0.4420,0.0000,90.0000,0.0000,
1678582500,0.0000,-2.4270,0.0574,-0.4420,0.0000,90.0000,0.0000,
1692584300,0.0000,-2.4270,0.0574,-0.4420,0.0000,90.0000,0.0000,
1706373600,0.0000,-2.4270,0.0574,-0.4420,0.0000,90.0000,0.0000,
1720445900,0.0000,-2.4270,0.0574,-0.4420,0.0000,90.0000,0.0000,
1734446800,0.0000,-2.4270,0.0574,-0.4420,0.0000,90.0000,0.0000,
1754437600,0.0000,-2.4270,0.0574,-0.4420,0.0000,90.0000,0.0000,
1793960500,0.0000,-2.4495,0.9224,-0.2267,57.3646,82.5438,34.6482,
1821866700,0.0000,-2.4496,0.9225,-0.2266,57.3698,82.5867,34.6910,
1842287500,0.0000,-2.4498,0.9228,-0.2262,57.3911,82.7642,34.8683,
1961728600,0.0000,-2.4498,0.9231,-0.2264,57.3863,82.8479,35.0122,
2006467100,0.0000,-2.4516,0.9259,-0.2274,57.2374,82.3844,35.3439,
2036061400,0.0000,-2.4520,0.9266,-0.2275,57.2287,82.3883,35.4264,
2062761100,0.0000,-2.4524,0.9273,-0.2276,57.2258,82.3886,35.4528,
2091232800,0.0000,-2.4525,0.9273,-0.2275,57.2668,82.3930,35.4445,
2119265400,0.0000,-2.4526,0.9275,-0.2273,57.2525,82.2963,35.3845,
2135424900,0.0000,-2.4528,0.9274,-0.2270,57.1434,82.0532,35.1258,
2149637400,0.0000,-2.4528,0.9274,-0.2268,56.8898,81.5050,34.5363,
2163569500,0.0000,-2.4529,0.9274,-0.2266,56.6125,80.9275,33.9087,
2177776300,0.0000,-2.4533,0.9274,-0.2265,55.3844,79.0729,32.7886,
2190666500,0.0000,-2.4537,0.9274,-0.2262,54.2203,77.4331,31.8244,
2202907100,0.0000,-2.4537,0.9275,-0.2262,54.1510,77.3270,31.7273,
2216654800,0.0000,-2.4537,0.9278,-0.2263,52.8684,75.4661,30.0423,
2230546800,0.0000,-2.4537,0.9281,-0.2265,51.2280,72.7932,27.0202,
2244953400,0.0000,-2.4538,0.9285,-0.2267,49.8584,70.8490,24.8262,
2259565400,0.0000,-2.4538,0.9289,-0.2269,48.7302,69.4088,23.2081,
2272659700,0.0000,-2.4538,0.9300,-0.2275,47.7978,68.1531,22.4049,
2286804900,0.0000,-2.4538,0.9311,-0.2280,46.9430,67.0813,21.6765,
2300985300,0.0000,-2.4535,0.9318,-0.2281,46.3421,66.4305,21.3924,
2315001700,0.0000,-2.4532,0.9323,-0.2281,45.7329,65.7876,21.0621,
2328129000,0.0000,-2.4529,0.9328,-0.2281,45.0879,65.1253,20.6888,
2342029100,0.0000,-2.4524,0.9331,-0.2280,43.8182,64.7612,21.4778,
2355874600,0.0000,-2.4519,0.9335,-0.2278,42.5485,64.2911,22.0773,
2370568200,0.0000,-2.4513,0.9343,-0.2277,39.6387,64.0104,23.8801,
2384170000,0.0000,-2.4508,0.9351,-0.2276,37.3071,63.5885,25.1082,
2397920300,0.0000,-2.4516,0.9361,-0.2278,33.6093,63.9711,26.2509,
2411343200,0.0000,-2.4526,0.9372,-0.2280,30.7884,64.0220,27.0227,
2424703700,0.0000,-2.4535,0.9384,-0.2282,28.5223,63.9145,27.5950,
2438704000,0.0000,-2.4545,0.9412,-0.2295,26.4210,64.7070,27.0322,
2452399800,0.0000,-2.4554,0.9436,-0.2307,24.4545,65.2031,26.6977,
2466445000,0.0000,-2.4555,0.9439,-0.2316,23.6888,65.4567,26.5671,
2480320000,0.0000,-2.4555,0.9442,-0.2322,22.7897,65.6224,26.4998,
2494399000,0.0000,-2.4556,0.9445,-0.2328,21.7158,65.7465,26.4666,
2507952800,0.0000,-2.4555,0.9445,-0.2329,21.5193,66.1743,26.3988,
2521991200,0.0000,-2.4553,0.9446,-0.2330,21.1530,66.5453,26.3498,
2536255500,0.0000,-2.4550,0.9445,-0.2329,21.3854,67.1900,26.6722,
2550797000,0.0000,-2.4546,0.9445,-0.2328,21.4832,67.9094,27.0425,
2564289400,0.0000,-2.4540,0.9444,-0.2327,21.4297,68.6125,27.4120,
2578713000,0.0000,-2.4532,0.9425,-0.2321,23.2363,69.0365,27.5249,
2592670000,0.0000,-2.4522,0.9404,-0.2315,24.8431,69.4901,27.6734,
2606107300,0.0000,-2.4519,0.9367,-0.2307,30.5462,70.9375,28.6791,
2620109800,0.0000,-2.4517,0.9337,-0.2301,34.1622,72.0622,29.5055,
2634694800,0.0000,-2.4510,0.9328,-0.2291,43.0135,74.8333,31.0759,
2647750500,0.0000,-2.4505,0.9321,-0.2284,48.0477,76.9091,32.4903,
2661623300,0.0000,-2.4501,0.9315,-0.2278,51.3385,78.5954,33.7461,
2675329900,0.0000,-2.4482,0.9305,-0.2266,55.1228,80.3215,34.8918,
2689930300,0.0000,-2.4465,0.9295,-0.2253,58.0529,82.0549,36.1944,
2703390300,0.0000,-2.4442,0.9313,-0.2255,61.0663,85.3879,39.3831,
2717501400,0.0000,-2.4419,0.9330,-0.2255,63.5943,88.6609,42.4748,
2730873800,0.0000,-2.4421,0.9335,-0.2257,66.2222,89.9278,44.6407,
2744484600,0.0000,-2.4422,0.9338,-0.2259,68.6353,92.0865,47.3485,
2758795700,0.0000,-2.4422,0.9340,-0.2260,70.9003,95.1351,50.7505,
2772502300,0.0000,-2.4452,0.9339,-0.2269,70.5716,94.2242,49.9097,
2786688300,0.0000,-2.4488,0.9337,-0.2280,70.5411,94.0957,49.7989,
2800613800,0.0000,-2.4558,0.9325,-0.2286,69.0928,91.2499,47.2566,
2815066000,0.0000,-2.4609,0.9316,-0.2291,67.7901,88.9522,45.2985,
2828398600,0.0000,-2.4645,0.9310,-0.2295,67.0474,87.6789,44.2887,
2842549600,0.0000,-2.4654,0.9296,-0.2299,64.4072,86.5730,42.9926,
2856814300,0.0000,-2.4662,0.9287,-0.2302,62.6522,86.0857,42.3811,
2870506700,0.0000,-2.4661,0.9286,-0.2301,61.6033,85.4954,41.3038,
2883969700,0.0000,-2.4661,0.9285,-0.2300,60.9328,85.2042,40.6796,
2898166700,0.0000,-2.4658,0.9283,-0.2300,60.5791,84.8928,40.0208,
2912105400,0.0000,-2.4651,0.9279,-0.2299,60.3209,84.6960,39.5511,
2925564600,0.0000,-2.4645,0.9274,-0.2298,60.1167,84.5628,39.1862,
2939953600,0.0000,-2.4626,0.9267,-0.2289,60.1074,84.3477,38.7694,
2953924600,0.0000,-2.4610,0.9259,-0.2280,60.1008,84.1592,38.3851,
2967570500,0.0000,-2.4594,0.9258,-0.2275,60.0878,84.2178,38.3940,
2981962100,0.0000,-2.4581,0.9257,-0.2271,60.0803,84.2575,38.4013,
2996105600,0.0000,-2.4571,0.9255,-0.2267,60.0728,84.3024,38.4106,
3009682300,0.0000,-2.4565,0.9255,-0.2265,60.0393,84.2752,38.3752,
3023852400,0.0000,-2.4560,0.9255,-0.2263,60.0037,84.2474,38.3382,
3038269600,0.0000,-2.4550,0.9257,-0.2261,59.9488,84.2164,38.3146,
3052564600,0.0000,-2.4540,0.9260,-0.2258,59.8648,84.1709,38.2806,
3065382900,0.0000,-2.4527,0.9265,-0.2261,59.5922,83.8515,38.0633,
3079236900,0.0000,-2.4515,0.9271,-0.2264,59.2552,83.4621,37.8023,
3093257900,0.0000,-2.4504,0.9275,-0.2266,58.9081,83.0674,37.5419,
3106939700,0.0000,-2.4489,0.9282,-0.2278,58.5661,82.8258,37.4443,
3121817200,0.0000,-2.4476,0.9288,-0.2289,58.2471,82.6029,37.3577,
3135208200,0.0000,-2.4462,0.9297,-0.2298,58.1477,82.6001,37.4624,
3149495200,0.0000,-2.4451,0.9305,-0.2307,58.0671,82.5974,37.5476,
3163451000,0.0000,-2.4440,0.9311,-0.2314,57.9906,82.5943,37.6289,
3176801400,0.0000,-2.4440,0.9312,-0.2315,57.9616,82.5841,37.7012,
3190646100,0.0000,-2.4440,0.9313,-0.2315,57.9316,82.5733,37.7761,
3205062900,0.0000,-2.4440,0.9313,-0.2315,57.9131,82.6809,37.9493,
3218950900,0.0000,-2.4441,0.9314,-0.2315,57.8910,82.8124,38.1599,
3232922200,0.0000,-2.4442,0.9315,-0.2315,57.8716,82.8887,38.3072,
3246372900,0.0000,-2.4443,0.9316,-0.2315,57.8522,82.9657,38.4556,
3260887700,0.0000,-2.4444,0.9316,-0.2316,57.8322,83.0459,38.6099,
3274324900,0.0000,-2.4445,0.9317,-0.2317,57.8084,83.0575,38.6955,
3288437500,0.0000,-2.4447,0.9319,-0.2319,57.7842,83.0676,38.7806,
3302911400,0.0000,-2.4456,0.9323,-0.2322,57.8211,82.9478,38.7658,
3316871700,0.0000,-2.4466,0.9329,-0.2326,57.8739,82.7786,38.7390,
3330928900,0.0000,-2.4477,0.9334,-0.2330,57.9396,82.5690,38.6996,
3344362400,0.0000,-2.4479,0.9338,-0.2329,58.0732,82.3180,38.8830,
3358033400,0.0000,-2.4481,0.9341,-0.2329,58.2223,82.0392,39.0765,
3372428500,0.0000,-2.4485,0.9343,-0.2327,58.3814,81.6251,38.9519,
3386072000,0.0000,-2.4489,0.9345,-0.2325,58.5279,81.2417,38.8306,
3399933000,0.0000,-2.4494,0.9346,-0.2317,58.6187,81.0406,39.0312,
3413896400,0.0000,-2.4500,0.9347,-0.2308,58.7109,80.8380,39.2264,
3428060800,0.0000,-2.4505,0.9349,-0.2299,58.8019,80.6393,39.4118,
3441466300,0.0000,-2.4525,0.9350,-0.2272,58.8476,80.4418,39.4605,
3455698400,0.0000,-2.4543,0.9351,-0.2248,58.8904,80.2615,39.5040,
3469680800,0.0000,-2.4570,0.9343,-0.2180,58.8653,80.1866,39.5484,
3483829000,0.0000,-2.4590,0.9337,-0.2130,58.8440,80.1187,39.5876,
3498040500,0.0000,-2.4606,0.9333,-0.2093,58.8236,80.0491,39.6272,
3511729500,0.0000,-2.4623,0.9341,-0.2057,58.8218,79.7605,39.7891,
3525388900,0.0000,-2.4637,0.9347,-0.2028,58.8221,79.4189,39.9793,
3539798300,0.0000,-2.4641,0.9365,-0.2005,58.8784,77.8766,39.4667,
3553714500,0.0000,-2.4646,0.9378,-0.1984,58.9276,76.3929,38.9736,
3566888600,0.0000,-2.4648,0.9383,-0.1961,58.9863,75.0718,38.4194,
3581158200,0.0000,-2.4651,0.9387,-0.1939,59.0320,73.9396,37.9476,
3595159800,0.0000,-2.4655,0.9390,-0.1917,59.0689,72.9412,37.5342,
3609464800,0.0000,-2.4661,0.9386,-0.1886,59.2171,71.8659,36.8296,
3623109100,0.0000,-2.4667,0.9384,-0.1856,59.3439,70.8499,36.1787,
3636955500,0.0000,-2.4642,0.9438,-0.1780,59.5786,71.0659,36.5650,
3651162700,0.0000,-2.4626,0.9477,-0.1720,59.8206,71.2491,36.9460,
3665403300,0.0000,-2.4599,0.9480,-0.1698,59.9152,72.0306,37.4061,
3679361100,0.0000,-2.4581,0.9484,-0.1678,60.0642,73.2639,38.1408,
3692785500,0.0000,-2.4568,0.9489,-0.1657,60.2195,74.5705,38.9291,
3707025500,0.0000,-2.4562,0.9498,-0.1636,60.4950,75.6792,39.6144,
3721226600,0.0000,-2.4556,0.9507,-0.1613,60.7339,76.6503,40.2246,
3734897400,0.0000,-2.4543,0.9514,-0.1575,61.0249,77.7673,40.9245,
3748726300,0.0000,-2.4531,0.9523,-0.1539,61.2875,78.7963,41.5793,
3762742200,0.0000,-2.4521,0.9531,-0.1505,61.5234,79.7380,42.1865,
3776953300,0.0000,-2.4511,0.9532,-0.1499,61.4940,80.1275,42.3697,
3790486900,0.0000,-2.4503,0.9534,-0.1491,61.4775,80.4689,42.5359,
3804381000,0.0000,-2.4482,0.9539,-0.1491,61.4478,80.4578,42.5190,
3818023400,0.0000,-2.4459,0.9545,-0.1486,61.4173,80.4511,42.5045,
3833114400,0.0000,-2.4434,0.9549,-0.1488,61.3674,80.3802,42.4546,
3846125800,0.0000,-2.4410,0.9555,-0.1486,61.2706,80.2460,42.3608,
3860643100,0.0000,-2.4389,0.9560,-0.1480,61.1374,80.0661,42.2361,
3874330700,0.0000,-2.4357,0.9562,-0.1476,61.0457,79.8263,42.0672,
3888450300,0.0000,-2.4328,0.9565,-0.1468,60.9544,79.5859,41.8988,
3902006400,0.0000,-2.4276,0.9564,-0.1455,60.9137,79.6803,42.0153,
3916293200,0.0000,-2.4234,0.9564,-0.1441,60.8612,79.8147,42.1780,
3929318400,0.0000,-2.4199,0.9566,-0.1428,60.7891,80.0156,42.4178,
3943727900,0.0000,-2.4176,0.9559,-0.1419,60.5032,80.3359,42.8026,
3957841900,0.0000,-2.4155,0.9556,-0.1409,60.1731,80.7120,43.2508,
3971778300,0.0000,-2.4130,0.9549,-0.1409,59.7450,81.3215,43.8865,
3985827100,0.0000,-2.4105,0.9545,-0.1407,59.3277,81.9122,44.4992,
3999437600,0.0000,-2.4081,0.9539,-0.1411,58.7526,81.8563,44.4068,
4013597700,0.0000,-2.4058,0.9534,-0.1412,58.2008,81.8155,44.3279,
4027664400,0.0000,-2.4035,0.9530,-0.1411,57.6832,81.7879,44.2620,
4041130200,0.0000,-2.4001,0.9530,-0.1427,57.4947,81.8600,44.1406,
4055453200,0.0000,-2.3968,0.9530,-0.1438,57.3234,81.9265,44.0382,
4069005100,0.0000,-2.3948,0.9535,-0.1440,57.0734,81.8512,43.7199,
4082944700,0.0000,-2.3929,0.9538,-0.1441,56.7999,81.7783,43.3872,
4097125000,0.0000,-2.3909,0.9541,-0.1441,56.5167,81.7116,43.0570,
4110704900,0.0000,-2.3885,0.9542,-0.1437,56.4697,81.7600,42.8734,
4124705600,0.0000,-2.3860,0.9544,-0.1432,56.4196,81.8053,42.7039,
4138669200,0.0000,-2.3837,0.9536,-0.1422,56.5535,81.9294,42.7143,
4153332500,0.0000,-2.3812,0.9530,-0.1412,56.7188,82.0884,42.7269,
4166587400,0.0000,-2.3776,0.9541,-0.1400,57.0466,82.6090,42.8760,
4181028500,0.0000,-2.3741,0.9551,-0.1389,57.4012,83.1951,43.0481,
4195027200,0.0000,-2.3709,0.9558,-0.1380,57.7377,83.7732,43.2223,
4208955300,0.0000,-2.3694,0.9558,-0.1380,58.0454,84.2004,43.3742,
4223061600,0.0000,-2.3679,0.9558,-0.1380,58.3188,84.5949,43.5161,
4237137100,0.0000,-2.3677,0.9560,-0.1377,58.4439,85.1696,43.8392,
4251603400,0.0000,-2.3674,0.9561,-0.1374,58.5632,85.7279,44.1515,
4264592100,0.0000,-2.3669,0.9563,-0.1371,58.6792,86.2805,44.4593,
4278619100,0.0000,-2.3666,0.9564,-0.1370,58.6702,86.5110,44.6502,
4292783800,0.0000,-2.3662,0.9567,-0.1369,58.6645,86.7011,44.8044,
4306460500,0.0000,-2.3662,0.9565,-0.1369,58.6719,86.7023,44.8353,
4320709400,0.0000,-2.3660,0.9564,-0.1368,58.6806,86.7057,44.8694,
4334349200,0.0000,-2.3662,0.9565,-0.1366,58.6578,86.7184,44.8716,
4348247800,0.0000,-2.3663,0.9567,-0.1364,58.6334,86.7337,44.8736,
4362196200,0.0000,-2.3664,0.9571,-0.1360,58.6073,86.7517,44.8754,
4376169700,0.0000,-2.3664,0.9579,-0.1353,58.6069,87.1059,45.1293,
4389951800,0.0000,-2.3662,0.9588,-0.1344,58.6065,87.7759,45.6063,
4403968900,0.0000,-2.3659,0.9605,-0.1329,58.6296,88.8854,46.2345,
4417930700,0.0000,-2.3654,0.9621,-0.1314,58.6503,90.0401,46.8841,
4432203700,0.0000,-2.3652,0.9661,-0.1301,58.6136,91.8062,48.0873,
4445060800,0.0000,-2.3649,0.9694,-0.1289,58.5667,93.4198,49.1799,
4459841400,0.0000,-2.3646,0.9721,-0.1279,58.5150,94.8360,50.1332,
4472960700,0.0000,-2.3642,0.9736,-0.1274,58.3464,95.8875,50.6822,
4487345100,0.0000,-2.3638,0.9750,-0.1269,58.1964,96.8471,51.1866,
4501347700,0.0000,-2.3634,0.9759,-0.1273,58.2077,97.4812,51.5654,
4515231400,0.0000,-2.3629,0.9769,-0.1276,58.2126,98.0802,51.9236,
4529140000,0.0000,-2.3624,0.9779,-0.1278,58.2128,98.6885,52.2875,
4543120800,0.0000,-2.3612,0.9791,-0.1274,58.2467,98.7906,52.1884,
4557038800,0.0000,-2.3600,0.9803,-0.1271,58.2774,98.9186,52.1131,
4570535500,0.0000,-2.3579,0.9821,-0.1258,58.3925,98.9035,52.0060,
4584708800,0.0000,-2.3559,0.9838,-0.1245,58.5199,98.9061,51.8989,
4599037400,0.0000,-2.3540,0.9851,-0.1244,58.7113,99.0441,51.7121,
4612777700,0.0000,-2.3523,0.9864,-0.1243,58.9280,99.2298,51.5164,
4626522600,0.0000,-2.3508,0.9876,-0.1241,59.1474,99.4460,51.3339,
4640238400,0.0000,-2.3497,0.9883,-0.1236,59.3460,99.3947,50.9522,
4654571600,0.0000,-2.3486,0.9891,-0.1232,59.5329,99.3659,50.6023,
4668234600,0.0000,-2.3481,0.9895,-0.1224,59.7740,99.2958,50.3039,
4682298600,0.0000,-2.3476,0.9900,-0.1216,60.0048,99.2420,50.0235,
4696254600,0.0000,-2.3470,0.9907,-0.1209,60.2293,99.2012,49.7556,
4710402700,0.0000,-2.3451,0.9917,-0.1198,60.3957,99.5322,49.5963,
4723943200,0.0000,-2.3433,0.9929,-0.1188,60.5729,99.8867,49.4341,
4738088100,0.0000,-2.3419,0.9937,-0.1187,60.7625,99.9280,49.2755,
4751591400,0.0000,-2.3407,0.9945,-0.1185,60.9307,99.9720,49.1373,
4765013800,0.0000,-2.3375,0.9963,-0.1167,61.2036,100.2689,49.1529,
4779893900,0.0000,-2.3346,0.9981,-0.1150,61.4940,100.5930,49.1728,
4793595400,0.0000,-2.3320,0.9996,-0.1136,61.7880,100.9287,49.1965,
4806815700,0.0000,-2.3274,1.0009,-0.1146,62.0720,101.4940,49.3401,
4821305500,0.0000,-2.3235,1.0022,-0.1152,62.3545,102.0609,49.4870,
4835207900,0.0000,-2.3192,1.0024,-0.1168,62.4346,102.1849,49.2329,
4849070800,0.0000,-2.3156,1.0028,-0.1178,62.5164,102.3120,49.0005,
4863092300,0.0000,-2.3125,1.0032,-0.1185,62.6021,102.4457,48.7778,
4876372300,0.0000,-2.3093,1.0031,-0.1211,62.5537,102.6603,48.9071,
4890866200,0.0000,-2.3063,1.0032,-0.1231,62.5169,102.8423,49.0119,
4904834900,0.0000,-2.3021,1.0028,-0.1249,62.4512,102.8934,49.0732,
4918869600,0.0000,-2.2984,1.0027,-0.1263,62.3540,102.9722,49.1638,
4932715300,0.0000,-2.2921,1.0028,-0.1263,62.0973,103.1129,49.3676,
4946468800,0.0000,-2.2868,1.0030,-0.1264,61.7830,103.2851,49.6123,
4960713600,0.0000,-2.2822,1.0033,-0.1266,61.4568,103.4630,49.8608,
4974426700,0.0000,-2.2761,1.0035,-0.1290,61.3082,103.5696,49.9508,
4988377500,0.0000,-2.2707,1.0038,-0.1309,61.1873,103.6580,50.0227,
5001835000,0.0000,-2.2679,1.0041,-0.1333,61.1461,103.9023,50.2224,
5015725900,0.0000,-2.2651,1.0043,-0.1353,61.1004,104.1838,50.4507,
5030206500,0.0000,-2.2620,1.0046,-0.1369,61.0490,104.5103,50.7135,
5043918500,0.0000,-2.2521,1.0044,-0.1390,61.2523,104.8482,50.9212,
5057868600,0.0000,-2.2440,1.0044,-0.1408,61.5422,105.3312,51.2184,
5071963800,0.0000,-2.2348,1.0084,-0.1441,61.5582,105.1251,51.2347,
5085959500,0.0000,-2.2270,1.0113,-0.1467,61.6002,104.5976,51.2712,
5099615800,0.0000,-2.2186,1.0144,-0.1492,61.2853,103.2707,50.9799,
5113706400,0.0000,-2.2112,1.0169,-0.1514,60.9643,101.9454,50.6969,
5127757900,0.0000,-2.2043,1.0189,-0.1534,60.6787,100.7884,50.4560,
5141822300,0.0000,-2.1984,1.0211,-0.1558,59.4708,97.7749,49.7566,
5155996400,0.0000,-2.1925,1.0231,-0.1581,58.4861,95.4163,49.2916,
5169079000,0.0000,-2.1880,1.0243,-0.1598,58.1153,94.9936,49.1773,
5183457100,0.0000,-2.1833,1.0255,-0.1615,57.8283,94.6131,49.0863,
5197145500,0.0000,-2.1783,1.0267,-0.1632,57.5622,94.2268,49.0016,
5211068300,0.0000,-2.1700,1.0288,-0.1651,57.8098,93.7094,48.9027,
5224292300,0.0000,-2.1624,1.0307,-0.1669,58.0474,93.0620,48.7749,
5238810300,0.0000,-2.1521,1.0334,-0.1694,58.6157,91.7381,48.1092,
5252696800,0.0000,-2.1430,1.0357,-0.1717,59.1234,90.3392,47.4154,
5266572100,0.0000,-2.1346,1.0378,-0.1739,59.5383,88.9900,46.7547,
5280613900,0.0000,-2.1229,1.0419,-0.1757,59.5304,88.5446,46.5683,
5294466100,0.0000,-2.1126,1.0453,-0.1775,59.5222,88.1310,46.4004,
5308259000,0.0000,-2.0979,1.0480,-0.1808,59.0902,87.2992,46.5567,
5322279300,0.0000,-2.0854,1.0506,-0.1836,58.6322,86.3260,46.6985,
5336014500,0.0000,-2.0738,1.0413,-0.1842,58.4828,80.4923,43.0370,
5349382500,0.0000,-2.0631,1.0353,-0.1852,58.1996,75.7235,40.1271,
5363761900,0.0000,-2.0530,1.0313,-0.1865,57.8862,72.1114,37.9948,
5378079000,0.0000,-2.0466,1.0260,-0.1926,55.6504,65.1484,37.1506,
5391548100,0.0000,-2.0395,1.0222,-0.1975,54.1489,60.4705,36.6220,
5405768000,0.0000,-2.0351,1.0144,-0.2032,52.6119,57.7262,35.5693,
5418968500,0.0000,-2.0294,1.0086,-0.2080,51.4532,55.4254,34.8502,
5433257300,0.0000,-2.0262,1.0038,-0.2086,51.0155,56.0585,35.3232,
5447505000,0.0000,-2.0216,0.9998,-0.2099,50.6046,56.1907,35.5775,
5461487800,0.0000,-2.0162,0.9963,-0.2116,50.1084,56.0481,35.7646,
5474977200,0.0000,-2.0147,0.9942,-0.2098,49.9515,57.2294,36.8186,
5489604900,0.0000,-2.0119,0.9922,-0.2090,49.6665,58.3185,37.9502,
5503908700,0.0000,-2.0112,0.9910,-0.2065,49.6339,60.5706,39.4398,
5518208900,0.0000,-2.0093,0.9896,-0.2048,49.4826,62.3331,40.7145,
5530810500,0.0000,-2.0073,0.9901,-0.2030,49.7907,65.2499,42.3766,
5544580200,0.0000,-2.0045,0.9901,-0.2017,49.9122,67.4393,43.7184,
5558855200,0.0000,-2.0008,0.9897,-0.2007,49.9203,69.0135,44.7530,
5572894700,0.0000,-2.0008,0.9869,-0.2026,50.7162,69.0343,44.3726,
5586184000,0.0000,-1.9998,0.9836,-0.2049,51.4008,69.0816,44.0864,
5600407700,0.0000,-1.9989,0.9812,-0.2067,51.7842,69.1655,43.8676,
5614465000,0.0000,-1.9973,0.9789,-0.2083,52.0948,69.2579,43.7181,
5628047300,0.0000,-1.9952,0.9765,-0.2098,52.3561,69.3558,43.6155,
5642550600,0.0000,-1.9954,0.9755,-0.2109,52.9558,68.5287,43.0069,
5657064900,0.0000,-1.9950,0.9744,-0.2120,53.6057,67.6202,42.3412,
5671158500,0.0000,-1.9951,0.9744,-0.2116,54.0767,66.8626,41.7569,
5683665500,0.0000,-1.9952,0.9744,-0.2111,54.4876,66.1993,41.2489,
5698074500,0.0000,-1.9950,0.9741,-0.2104,54.8517,65.6104,40.8008,
5711501700,0.0000,-1.9954,0.9739,-0.2105,54.9199,65.3463,40.6056,
5725255000,0.0000,-1.9958,0.9734,-0.2106,54.9791,65.1401,40.4551,
5739455200,0.0000,-1.9968,0.9732,-0.2110,55.0751,64.8683,40.2287,
5753665000,0.0000,-1.9978,0.9729,-0.2115,55.1853,64.5666,39.9794,
5767345000,0.0000,-1.9985,0.9731,-0.2116,55.4083,64.3956,39.9148,
5781251400,0.0000,-1.9989,0.9732,-0.2117,55.6655,64.1979,39.8396,
5795062400,0.0000,-1.9991,0.9732,-0.2118,55.9465,63.9808,39.7563,
5809341100,0.0000,-1.9988,0.9734,-0.2117,56.4034,64.3778,40.0713,
5823523700,0.0000,-1.9981,0.9738,-0.2115,56.9219,64.8279,40.4340,
5837000200,0.0000,-1.9955,0.9749,-0.2117,57.9566,65.7261,41.0228,
5851069600,0.0000,-1.9927,0.9760,-0.2119,58.9373,66.6107,41.6223,
5864868400,0.0000,-1.9902,0.9768,-0.2122,59.7915,67.4097,42.1799,
5879051600,0.0000,-1.9858,0.9787,-0.2108,59.8816,67.7137,42.3963,
5893290600,0.0000,-1.9820,0.9801,-0.2099,59.9642,67.9327,42.5535,
5906695200,0.0000,-1.9780,0.9821,-0.2082,59.9520,68.0842,42.7259,
5920681600,0.0000,-1.9747,0.9836,-0.2070,59.9495,68.2492,42.9105,
5934780100,0.0000,-1.9732,0.9839,-0.2062,59.8827,68.3743,43.1410,
5948818100,0.0000,-1.9718,0.9842,-0.2056,59.8006,68.5565,43.4697,
5962436000,0.0000,-1.9704,0.9844,-0.2050,59.7162,68.7765,43.8598,
5976392300,0.0000,-1.9618,0.9855,-0.2043,59.0907,69.0362,44.6155,
5990641500,0.0000,-1.9551,0.9864,-0.2038,58.4409,69.3015,45.4081,
6004595500,0.0000,-1.9503,0.9878,-0.2009,56.9588,69.7278,46.4871,
6018100600,0.0000,-1.9464,0.9888,-0.1988,55.6922,70.0557,47.3848,
6032221800,0.0000,-1.9378,0.9911,-0.1966,54.7453,70.6673,48.4604,
6045958300,0.0000,-1.9307,0.9929,-0.1948,53.9615,71.1323,49.3139,
6060640300,0.0000,-1.9247,0.9944,-0.1933,53.2829,71.5067,50.0283,
6074323100,0.0138,-1.9144,0.9983,-0.1872,52.9573,72.1816,50.7980,
6087641300,0.0273,-1.9058,1.0013,-0.1825,52.6275,72.7654,51.4892,
6102300200,0.0417,-1.8840,1.0034,-0.1775,52.2829,72.7705,51.8999,
6116140900,0.0556,-1.8669,1.0053,-0.1733,51.9084,72.7946,52.3381,
6131314800,0.0707,-1.8528,1.0071,-0.1698,51.5056,72.8334,52.8011,
6142875800,0.0826,-1.8359,1.0102,-0.1618,51.4811,72.8226,52.6477,
6157766600,0.0971,-1.8215,1.0128,-0.1553,51.4206,72.8120,52.4056,
6173029900,0.1125,-1.8047,1.0117,-0.1478,53.3607,71.0369,48.1063,
6188327900,0.1280,-1.7770,1.0119,-0.1364,55.2631,68.8006,43.2531,
6205015100,0.1444,-1.7656,1.0050,-0.1345,61.5591,68.3796,41.1603,
6219514600,0.1589,-1.7544,1.0004,-0.1321,65.3802,67.6353,39.3318,
6233752200,0.1732,-1.7549,0.9916,-0.1308,66.6789,60.7004,38.0811,
6248243500,0.1879,-1.7520,0.9853,-0.1289,67.9189,55.1842,36.3730,
6263040000,0.2025,-1.7472,0.9806,-0.1265,69.0092,50.8288,34.4730,
6277421800,0.2169,-1.7431,0.9810,-0.1263,67.8393,49.8069,34.0369,
6291882400,0.2314,-1.7376,0.9808,-0.1253,67.2342,48.6307,33.4225,
6305918600,0.2456,-1.7335,0.9840,-0.1263,65.7402,51.8766,35.1323,
6320301500,0.2598,-1.7278,0.9862,-0.1264,64.1504,54.8194,36.4618,
6334551500,0.2740,-1.7262,0.9876,-0.1250,61.5890,61.4284,40.3844,
6349084700,0.2887,-1.7232,0.9886,-0.1233,59.9030,65.0824,42.3334,
6363245200,0.3027,-1.7187,0.9894,-0.1213,58.8319,67.1897,43.3647,
6376861000,0.3163,-1.7191,0.9831,-0.1246,54.9112,67.9511,42.0439,
6391069100,0.3305,-1.7177,0.9763,-0.1274,52.2201,68.6447,41.2241,
6404485900,0.3442,-1.7169,0.9645,-0.1233,52.3670,68.1655,40.2771,
6420753700,0.3602,-1.7148,0.9557,-0.1200,52.3290,67.9497,39.6873,
6433135400,0.3726,-1.7127,0.9508,-0.1174,52.8605,67.8849,39.2247,
6446891300,0.3864,-1.7097,0.9466,-0.1151,53.3845,67.8558,38.6551,
6460557100,0.4001,-1.7064,0.9427,-0.1129,53.8173,67.8715,38.0604,
6474232600,0.4137,-1.7041,0.9432,-0.1125,55.2556,69.3733,38.2710,
6488058600,0.4277,-1.7015,0.9431,-0.1117,56.4203,70.7899,38.4629,
6502293900,0.4418,-1.7007,0.9439,-0.1125,57.1120,71.9435,38.8401,
6515995900,0.4554,-1.6995,0.9443,-0.1131,57.6200,72.9213,39.1220,
6529548300,0.4692,-1.6976,0.9444,-0.1134,58.0235,73.8025,39.3478,
6543854000,0.4833,-1.6969,0.9465,-0.1163,58.1815,74.9583,39.4644,
6557903000,0.4974,-1.6956,0.9480,-0.1186,58.3370,76.0896,39.5723,
6571875400,0.5114,-1.6961,0.9480,-0.1215,58.4926,75.8527,38.8646,
6585756800,0.5254,-1.6959,0.9478,-0.1236,58.6374,75.7334,38.2617,
6600388500,0.5398,-1.6974,0.9482,-0.1269,58.6775,75.4747,37.9446,
6614394700,0.5536,-1.6981,0.9484,-0.1295,58.7161,75.2945,37.6810,
6627759300,0.5675,-1.6982,0.9483,-0.1314,58.7613,75.1363,37.4049,
6641713100,0.5812,-1.6986,0.9480,-0.1354,58.9495,75.2301,37.4904,
6655634000,0.5952,-1.6986,0.9475,-0.1387,59.2376,75.4002,37.6178,
6669845500,0.6095,-1.6985,0.9474,-0.1414,59.3636,75.4450,37.7480,
6684184000,0.6236,-1.6981,0.9472,-0.1436,59.4913,75.5060,37.8765,
6697849900,0.6373,-1.6986,0.9474,-0.1452,59.7000,75.7357,38.2217,
6712014600,0.6515,-1.6988,0.9475,-0.1467,59.9362,76.0187,38.6142,
6725801800,0.6654,-1.6988,0.9475,-0.1481,60.1794,76.3329,39.0216,
6739824900,0.6792,-1.6988,0.9476,-0.1480,60.4953,77.0788,40.2185,
6753688300,0.6930,-1.6987,0.9477,-0.1480,60.8128,77.8851,41.4623,
6767462200,0.7070,-1.6993,0.9474,-0.1513,60.9449,77.9603,42.0099,
6781513700,0.7209,-1.6999,0.9471,-0.1554,61.0642,78.0523,42.5008,
6795709200,0.7352,-1.7003,0.9467,-0.1591,61.1759,78.1578,42.9590,
6809222900,0.7489,-1.7020,0.9459,-0.1644,61.2904,78.2455,43.2365,
6823481500,0.7629,-1.7031,0.9452,-0.1687,61.3942,78.3365,43.4947,
6837021500,0.7765,-1.7051,0.9436,-0.1735,61.4682,78.1257,43.4152,
6851266900,0.7907,-1.7064,0.9423,-0.1773,61.5464,77.9172,43.3421,
6864952900,0.8045,-1.7075,0.9412,-0.1806,61.6331,77.6989,43.2709,
6879261700,0.8186,-1.7083,0.9415,-0.1839,61.6669,77.0523,42.7809,
6893120600,0.8326,-1.7089,0.9415,-0.1870,61.7057,76.3068,42.2188,
6906534100,0.8462,-1.7094,0.9371,-0.1909,61.3647,74.1017,39.8717,
6920799100,0.8603,-1.7099,0.9335,-0.1947,60.9695,71.8768,37.5005,
6934042600,0.8736,-1.7083,0.9342,-0.1984,61.2632,70.9408,36.4090,
6948143300,0.8878,-1.7071,0.9344,-0.2019,61.4911,70.1310,35.4710,
6962185000,0.9016,-1.7062,0.9344,-0.2052,61.6847,69.3714,34.5961,
6976085900,0.9156,-1.7050,0.9348,-0.2071,61.7936,69.0580,34.3173,
6989550100,0.9293,-1.7040,0.9350,-0.2091,61.8825,68.7775,34.0622,
7003872800,0.9433,-1.7030,0.9357,-0.2139,61.9988,68.8399,34.3570,
7017860700,0.9573,-1.7022,0.9362,-0.2184,62.1875,68.9185,34.8083,
7031571800,0.9711,-1.7002,0.9373,-0.2240,62.2824,69.8502,36.8147,
7045358200,0.9850,-1.6987,0.9380,-0.2288,62.3636,70.7674,38.8158,
7059515200,0.9990,-1.6975,0.9384,-0.2331,62.4228,71.5366,40.5192,
7073534600,1.0131,-1.6949,0.9381,-0.2376,62.1261,71.9687,41.7626,
7087433000,1.0270,-1.6929,0.9378,-0.2418,61.8840,72.3224,42.8198,
7101083100,1.0406,-1.6899,0.9380,-0.2467,61.5078,72.8383,43.3291,
7115333700,1.0548,-1.6875,0.9381,-0.2512,61.1746,73.2907,43.8089,
7129005500,1.0687,-1.6856,0.9381,-0.2554,60.8463,73.7315,44.3054,
7143133900,1.0827,-1.6835,0.9384,-0.2553,60.0319,73.8262,44.2683,
7157769900,1.0971,-1.6818,0.9386,-0.2559,59.1897,73.9440,44.2847,
7171435400,1.1109,-1.6810,0.9385,-0.2556,58.7405,73.5571,44.1022,
7186010900,1.1257,-1.6802,0.9385,-0.2557,58.3334,73.2448,43.9858,
7213605700,1.1531,-1.6800,0.9387,-0.2557,57.8859,72.7594,43.8533,
7227103200,1.1667,-1.6796,0.9389,-0.2560,57.4479,72.3435,43.7869,
7241213300,1.1808,-1.6794,0.9393,-0.2563,56.8661,71.3437,43.7042,
7255701200,1.1952,-1.6792,0.9398,-0.2568,56.3288,70.4785,43.6719,
7269125100,1.2089,-1.6795,0.9405,-0.2566,56.1168,69.7759,43.2586,
7283282800,1.2228,-1.6799,0.9413,-0.2566,55.9250,69.2109,42.9490,
7297113100,1.2367,-1.6802,0.9421,-0.2568,55.7361,68.7034,42.6893,
7311038300,1.2507,-1.6803,0.9423,-0.2566,55.4853,68.1287,42.4980,
7324666700,1.2644,-1.6803,0.9424,-0.2565,55.2194,67.5508,42.3193,
7338894200,1.2784,-1.6811,0.9426,-0.2559,55.1606,67.0822,42.0686,
7353490100,1.2930,-1.6822,0.9430,-0.2552,55.0926,66.6465,41.8459,
7366533200,1.3062,-1.6841,0.9432,-0.2544,55.2488,66.1544,41.4551,
7380796900,1.3202,-1.6857,0.9434,-0.2537,55.4063,65.5965,41.0226,
7395883500,1.3353,-1.6871,0.9436,-0.2533,55.5585,64.9927,40.5639,
7409285400,1.3489,-1.6877,0.9440,-0.2535,55.6931,64.5405,40.2276,
7422606700,1.3621,-1.6882,0.9442,-0.2536,55.8121,64.0978,39.9045,
7436634900,1.3762,-1.6893,0.9447,-0.2537,56.0600,63.4267,39.3467,
7450728800,1.3901,-1.6905,0.9451,-0.2538,56.3049,62.7129,38.7600,
7464089700,1.4038,-1.6916,0.9455,-0.2539,56.5324,62.0003,38.1797,
7478071700,1.4176,-1.6936,0.9463,-0.2552,56.7376,61.5751,37.8903,
7492964900,1.4325,-1.6956,0.9469,-0.2564,56.9210,61.1687,37.6138,
7506490600,1.4461,-1.6973,0.9471,-0.2580,56.9747,60.3654,37.3063,
7521505400,1.4610,-1.6989,0.9472,-0.2593,57.0306,59.4819,36.9606,
7533959100,1.4735,-1.7010,0.9473,-0.2615,57.3703,58.7238,36.6798,
7547325600,1.4869,-1.7029,0.9474,-0.2634,57.6860,57.9796,36.3919,
7561281600,1.5007,-1.7046,0.9475,-0.2650,57.9749,57.2629,36.1043,
7575100800,1.5146,-1.7066,0.9469,-0.2669,58.2172,56.6171,35.7578,
7589365800,1.5290,-1.7084,0.9464,-0.2687,58.4397,55.9980,35.4245,
7603045100,1.5425,-1.7095,0.9461,-0.2696,58.8706,55.5060,35.0073,
7616727500,1.5562,-1.7106,0.9459,-0.2704,59.3004,54.9734,34.5664,
7631698600,1.5712,-1.7117,0.9458,-0.2713,59.7209,54.4128,34.1106,
7645228400,1.5849,-1.7128,0.9456,-0.2720,59.8390,53.9754,33.6414,
7659306600,1.5989,-1.7140,0.9455,-0.2728,59.9525,53.5607,33.2097,
7673347100,1.6128,-1.7151,0.9461,-0.2734,59.9943,53.5567,33.1370,
7687211100,1.6269,-1.7161,0.9467,-0.2742,60.0310,53.5440,33.0736,
7701258500,1.6407,-1.7166,0.9472,-0.2745,60.0333,53.5034,33.0045,
7715162200,1.6547,-1.7171,0.9477,-0.2749,60.0375,53.4537,32.9261,
7729176100,1.6688,-1.7176,0.9481,-0.2753,60.0444,53.3864,32.8257,
7743162100,1.6827,-1.7175,0.9485,-0.2753,60.0279,53.3044,32.7771,
7757344100,1.6967,-1.7175,0.9488,-0.2753,60.0074,53.1941,32.7131,
7771684900,1.7112,-1.7174,0.9491,-0.2755,59.9794,52.7335,32.3803,
7784913000,1.7245,-1.7174,0.9494,-0.2758,59.9444,52.1210,31.9410,
7799271400,1.7387,-1.7175,0.9497,-0.2761,59.9074,51.4495,31.4630,
7813819300,1.7532,-1.7174,0.9499,-0.2763,59.8662,50.7172,30.7726,
7826536000,1.7662,-1.7174,0.9501,-0.2766,59.8244,49.9906,30.0920,
7839869100,1.7792,-1.7160,0.9538,-0.2732,60.0692,49.9228,30.1065,
7853415800,1.7930,-1.7147,0.9576,-0.2698,60.3800,49.8297,30.1203,
7867609300,1.8073,-1.7136,0.9591,-0.2675,60.4621,49.7706,30.0921,
7881171300,1.8208,-1.7129,0.9603,-0.2658,60.5260,49.7218,30.0682,
7894890500,1.8344,-1.7123,0.9612,-0.2645,60.5841,49.6752,30.0451,
7908549500,1.8483,-1.7104,0.9633,-0.2613,60.6167,49.4183,29.8225,
7922267000,1.8618,-1.7089,0.9652,-0.2585,60.6610,49.0515,29.5047,
7936305600,1.8759,-1.7045,0.9675,-0.2541,60.7398,47.8175,28.6993,
7950009600,1.8897,-1.7013,0.9694,-0.2507,60.8158,46.4207,27.7874,
7964516500,1.9041,-1.6990,0.9710,-0.2480,60.8753,45.0908,26.9192,
7978953400,1.9185,-1.6953,0.9717,-0.2478,61.1740,43.9699,26.1376,
7991948200,1.9315,-1.6923,0.9725,-0.2473,61.4277,42.9387,25.4164,
8005389100,1.9451,-1.6884,0.9747,-0.2473,62.0005,42.2460,24.9494,
8018881500,1.9585,-1.6851,0.9767,-0.2470,62.5344,41.5322,24.4615,
8033234600,1.9728,-1.6780,0.9788,-0.2456,63.1751,41.5074,24.3060,
8047305200,1.9871,-1.6724,0.9806,-0.2443,63.7930,41.4319,24.1220,
8061444200,2.0010,-1.6679,0.9822,-0.2430,64.3771,41.3132,23.9157,
8075073700,2.0147,-1.6636,0.9867,-0.2395,64.9064,41.3164,23.1494,
8088856900,2.0286,-1.6597,0.9903,-0.2366,65.4462,41.2574,22.3597,
8103181000,2.0428,-1.6532,0.9942,-0.2319,67.2917,43.8497,23.0260,
8116859500,2.0563,-1.6477,0.9976,-0.2280,68.8396,46.1043,23.7080,
8130884500,2.0705,-1.6429,1.0005,-0.2248,70.0451,47.9036,24.3155,
8144451400,2.0842,-1.6278,0.9998,-0.2294,70.7987,48.6597,24.0078,
8158747800,2.0984,-1.6162,1.0000,-0.2321,71.4789,49.3570,23.8212,
8172439100,2.1120,-1.6000,0.9981,-0.2299,71.3598,49.3765,23.0721,
8186108200,2.1259,-1.5870,0.9972,-0.2280,71.3547,49.4911,22.4568,
8200347300,2.1400,-1.5772,0.9951,-0.2269,71.4662,49.5050,21.6622,
8214191800,2.1538,-1.5682,0.9940,-0.2257,71.6442,49.5900,20.9260,
8227913400,2.1676,-1.5598,0.9934,-0.2244,71.8744,49.7284,20.2400,
8242199300,2.1818,-1.5468,0.9904,-0.2178,71.5155,53.4201,22.6835,
8256031100,2.1957,-1.5354,0.9884,-0.2126,71.2255,56.7661,24.7729,
8269797400,2.2096,-1.5291,0.9846,-0.2098,70.3419,60.2179,28.4938,
8283879500,2.2234,-1.5222,0.9820,-0.2072,69.5504,63.1667,31.5515,
8297876500,2.2375,-1.5150,0.9800,-0.2048,68.8760,65.6317,34.0001,
8311698400,2.2513,-1.5047,0.9828,-0.2016,67.3973,69.1101,38.2458,
8325284500,2.2650,-1.4952,0.9846,-0.1987,66.1344,71.7970,41.4396,
8339769800,2.2793,-1.4830,0.9911,-0.1935,65.2591,70.9601,42.1664,
8353316400,2.2929,-1.4719,0.9957,-0.1891,64.5022,70.5953,42.9752,
8367355800,2.3071,-1.4604,0.9961,-0.1782,64.5289,69.3211,42.0397,
8381138100,2.3208,-1.4496,0.9967,-0.1696,64.4948,68.4610,41.4449,
8395775100,2.3353,-1.4394,0.9972,-0.1624,64.4233,67.7939,41.0178,
8409188500,2.3489,-1.4174,0.9987,-0.1593,64.3025,68.1530,40.9803,
8423077000,2.3627,-1.3991,1.0000,-0.1558,63.9518,69.1347,40.9633,
8437250200,2.3769,-1.3751,1.0071,-0.1506,64.6103,72.3905,39.6561,
8450835600,2.3904,-1.3548,1.0125,-0.1457,65.0591,75.0274,38.8365,
8464547800,2.4043,-1.3369,1.0167,-0.1409,65.3214,76.9770,38.3957,
8478641800,2.4182,-1.3184,1.0180,-0.1382,66.6331,82.1892,37.2663,
8492925100,2.4325,-1.3014,1.0196,-0.1350,67.4303,85.8271,36.7524,
8506707200,2.4464,-1.2917,1.0277,-0.1388,67.0991,85.2417,36.8920,
8520687800,2.4603,-1.2807,1.0341,-0.1403,65.3546,82.5979,37.7315,
8534373900,2.4740,-1.2765,1.0348,-0.1410,60.0822,75.5338,39.6092,
8548048800,2.4878,-1.2696,1.0362,-0.1407,57.2359,72.3598,40.9625,
8562721200,2.5021,-1.2611,1.0379,-0.1397,55.5492,70.7966,41.8020,
8576388400,2.5160,-1.2611,1.0235,-0.1349,53.6498,70.4540,44.3710,
8589988500,2.5297,-1.2577,1.0140,-0.1309,52.1867,70.0351,46.0110,
8604199600,2.5438,-1.2536,0.9948,-0.1203,51.1924,71.5407,47.0980,
8618485700,2.5580,-1.2477,0.9812,-0.1121,50.2100,72.5084,47.9963,
8632349200,2.5720,-1.2419,0.9721,-0.1066,49.5049,74.3072,46.9879,
8646036100,2.5858,-1.2351,0.9648,-0.1015,48.5854,75.9308,46.1780,
8660156100,2.5998,-1.2277,0.9586,-0.0968,47.6476,77.1339,45.6582,
8674293700,2.6138,-1.2222,0.9568,-0.0914,48.2664,77.2054,44.7013,
8687920500,2.6277,-1.2159,0.9543,-0.0863,48.5503,77.2991,44.0219,
8702068300,2.6416,-1.2139,0.9574,-0.0880,48.8556,77.3488,42.9767,
8715903800,2.6555,-1.2106,0.9587,-0.0883,48.9815,77.4305,42.1062,
8729483500,2.6692,-1.2058,0.9591,-0.0875,48.9811,77.5351,41.3886,
8743723900,2.6833,-1.2059,0.9625,-0.0877,49.1210,77.4307,41.4785,
8757622400,2.6973,-1.2046,0.9650,-0.0871,49.3265,77.2667,41.6187,
8771769400,2.7114,-1.2061,0.9688,-0.0891,49.8285,77.3699,42.4505,
8785259100,2.7249,-1.2060,0.9715,-0.0902,50.2893,77.5190,43.3053,
8799436700,2.7390,-1.2066,0.9716,-0.0912,50.9820,77.8620,43.9091,
8813356900,2.7530,-1.2065,0.9716,-0.0915,51.5277,78.1872,44.4256,
8826771500,2.7665,-1.2063,0.9716,-0.0917,51.9555,78.4876,44.8641,
8841114400,2.7807,-1.2058,0.9714,-0.0912,52.7026,78.6851,46.2371,
8855255200,2.7948,-1.2041,0.9707,-0.0900,53.3649,78.9283,47.5227,
8868691200,2.8085,-1.2050,0.9691,-0.0893,54.2862,78.5583,47.7126,
8882864100,2.8224,-1.2055,0.9671,-0.0883,55.0398,78.2912,47.9115,
8896881200,2.8364,-1.2056,0.9651,-0.0872,55.6758,78.0960,48.1162,
8910592400,2.8502,-1.2066,0.9636,-0.0861,56.1465,77.6331,47.8707,
8924631000,2.8644,-1.2071,0.9622,-0.0851,56.5763,77.2426,47.6891,
8938888100,2.8785,-1.2075,0.9614,-0.0840,56.9618,77.0760,47.3426,
8952928300,2.8925,-1.2076,0.9605,-0.0829,57.3587,76.9114,47.0254,
8966074300,2.9058,-1.2085,0.9590,-0.0817,59.1684,76.0481,45.1637,
8980171000,2.9198,-1.2090,0.9575,-0.0804,60.8405,75.1185,43.3669,
8994723400,2.9343,-1.2093,0.9561,-0.0791,62.1984,74.2599,41.8480,
9008602800,2.9483,-1.2080,0.9559,-0.0775,62.6034,74.2334,42.0119,
9022305900,2.9619,-1.2067,0.9556,-0.0758,62.9627,74.1725,42.0639,
9036162800,2.9757,-1.2050,0.9549,-0.0732,63.5750,73.6701,41.5147,
9049665400,2.9894,-1.2034,0.9543,-0.0708,64.2606,73.0970,40.8782,
9064603600,3.0042,-1.2019,0.9536,-0.0686,64.9850,72.4705,40.1758,
9078121500,3.0178,-1.1974,0.9558,-0.0634,65.4154,72.0041,39.7223,
9091810300,3.0314,-1.1936,0.9573,-0.0592,65.8556,71.5306,39.2480,
9105377400,3.0451,-1.1865,0.9615,-0.0536,66.2109,71.4530,39.0852,
9121913500,3.0615,-1.1809,0.9643,-0.0491,66.5970,71.3317,38.8752,
9137859500,3.0775,-1.1614,0.9643,-0.0426,67.1455,70.5843,38.0931,
9153431400,3.0931,-1.1535,0.9644,-0.0395,67.9456,69.4426,36.8948,
9168466400,3.1082,-1.1376,0.9650,-0.0360,68.7237,66.8796,34.6047,
9184042900,3.1235,-1.1251,0.9655,-0.0327,69.4235,64.4328,32.3845,
9198913200,3.1385,-1.1098,0.9683,-0.0279,69.9771,62.6471,30.7397,
9214104700,3.1537,-1.0972,0.9704,-0.0238,70.4700,60.9782,29.1857,
9228580600,3.1683,-1.0863,0.9721,-0.0200,70.9271,59.3486,27.6550,
9243171700,3.1827,-1.0681,0.9754,-0.0185,70.7471,58.6765,27.6322,
9257915500,3.1975,-1.0529,0.9780,-0.0165,70.6041,57.8210,27.4681,
9271909500,3.2115,-1.0383,0.9824,-0.0170,70.1385,57.3791,27.6256,
9285953600,3.2257,-1.0252,0.9859,-0.0166,69.7408,56.8387,27.6589,
9300326400,3.2398,-1.0141,0.9908,-0.0157,65.6851,55.9853,31.0810,
9314340700,3.2539,-1.0033,0.9948,-0.0145,62.8587,54.9425,33.1681,
9328134900,3.2679,-0.9927,0.9982,-0.0129,61.0164,54.0446,34.4180,
9342647300,3.2822,-0.9827,1.0024,-0.0117,59.1035,56.2774,36.8489,
9356364700,3.2958,-0.9727,1.0061,-0.0102,57.5711,57.4384,38.4310,
9370339100,3.3099,-0.9635,1.0109,-0.0101,57.6672,57.8104,38.6786,
9383588100,3.3233,-0.9540,1.0150,-0.0095,57.6463,57.9765,38.8501,
9397492200,3.3371,-0.9459,1.0187,-0.0082,57.6625,58.1048,38.9078,
9411546100,3.3511,-0.9373,1.0222,-0.0067,57.6519,58.2463,38.9944,
9425171600,3.3649,-0.9283,1.0256,-0.0052,57.6096,58.4020,39.1146,
9439391800,3.3790,-0.9196,1.0285,-0.0047,57.6228,58.2301,39.0327,
9452782000,3.3924,-0.9106,1.0314,-0.0039,57.6290,57.4321,38.6927,
9466080200,3.4058,-0.9100,1.0314,-0.0037,57.7926,55.7176,37.6565,
9480120500,3.4197,-0.9075,1.0321,-0.0033,57.8710,53.9456,36.6408,
9493521400,3.4331,-0.9032,1.0333,-0.0026,57.8647,52.3391,35.7720,
9507245600,3.4470,-0.8977,1.0343,-0.0030,57.7950,51.4539,34.9497,
9521340200,3.4609,-0.8912,1.0358,-0.0030,57.7006,50.6839,34.2865,
9535567000,3.4752,-0.8911,1.0342,-0.0040,57.9785,50.4421,34.1321,
9551577300,3.4912,-0.8897,1.0333,-0.0047,58.2401,50.1522,33.9643,
9566719500,3.5065,-0.8871,1.0327,-0.0053,58.4961,49.8045,33.7766,
9582424900,3.5219,-0.8789,1.0326,-0.0001,58.9289,49.4679,34.6171,
9598470000,3.5380,-0.8728,1.0287,0.0043,60.0531,49.4617,35.5829,
9613418400,3.5529,-0.8670,1.0263,0.0077,60.9393,49.4256,36.3674,
9627771200,3.5674,-0.8612,1.0248,0.0104,61.6307,49.3656,36.9929,
9642729300,3.5822,-0.8576,1.0242,0.0132,61.6727,49.3541,36.8566,
9657107000,3.5965,-0.8536,1.0238,0.0156,61.6904,49.3450,36.8177,
9671831800,3.6114,-0.8543,1.0225,0.0169,61.6754,49.2575,36.6805,
9685490300,3.6252,-0.8541,1.0215,0.0182,61.6460,49.0383,36.3579,
9700260400,3.6396,-0.8516,1.0210,0.0208,61.5405,49.0507,36.1482,
9714340700,3.6539,-0.8483,1.0205,0.0236,61.4243,49.0606,35.9159,
9727973600,3.6677,-0.8445,1.0200,0.0264,61.3141,49.0663,35.6947,
9742612000,3.6821,-0.8410,1.0175,0.0293,61.4956,48.8274,35.1323,
9756172800,3.6956,-0.8372,1.0156,0.0320,61.7009,48.5542,34.5244,
9769907900,3.7096,-0.8316,1.0154,0.0365,61.7020,48.6711,34.6275,
9784329900,3.7238,-0.8264,1.0151,0.0403,61.7042,48.7527,34.7024,
9798388700,3.7379,-0.8222,1.0163,0.0453,61.7127,49.3621,35.0077,
9811970900,3.7514,-0.8181,1.0170,0.0495,61.7273,50.2049,35.4362,
9826113800,3.7658,-0.8139,1.0174,0.0533,61.7447,51.0800,35.8876,
9840227000,3.7798,-0.8054,1.0200,0.0572,61.8227,50.9017,35.6823,
9853838100,3.7934,-0.7981,1.0218,0.0608,61.8897,50.7529,35.5113,
9867745500,3.8074,-0.7905,1.0217,0.0658,62.3849,50.3077,34.9441,
9881657300,3.8211,-0.7837,1.0216,0.0702,62.9945,49.7468,34.2350,
9895911700,3.8354,-0.7774,1.0217,0.0743,63.5928,49.1794,33.5241,
9911383300,3.8509,-0.7713,1.0174,0.0794,64.4348,46.2717,29.8314,
9927774100,3.8673,-0.7610,1.0132,0.0872,65.2100,43.2627,26.0673,
9943390700,3.8829,-0.7528,1.0168,0.0924,65.0042,43.7198,26.2509,
9958711900,3.8982,-0.7455,1.0193,0.0972,64.9115,43.9165,26.2954,
9973593600,3.9132,-0.7377,1.0245,0.1060,65.0316,45.1510,26.9284,
9988465500,3.9281,-0.7305,1.0283,0.1132,65.1914,46.5692,27.6141,
10003333700,3.9429,-0.7203,1.0340,0.1249,65.4902,49.5505,29.1055,
10018253300,3.9578,-0.7112,1.0384,0.1345,65.7509,52.0866,30.3430,
10032353900,3.9719,-0.6949,1.0439,0.1471,67.6731,57.8112,30.4304,
10046048300,3.9857,-0.6813,1.0483,0.1576,68.9943,62.0108,30.7982,
10060477700,4.0000,-0.6695,1.0520,0.1669,69.8996,65.0427,31.2218,
10075038800,4.0145,-0.6584,1.0526,0.1744,70.2848,68.6373,32.1464,
10088722000,4.0284,-0.6481,1.0537,0.1817,70.6734,71.5717,32.9189,
10103251900,4.0427,-0.6397,1.0598,0.1901,70.2127,71.9137,32.1420,
10117370100,4.0569,-0.6312,1.0647,0.1981,69.9810,72.6202,31.6789,
10131102300,4.0706,-0.6226,1.0688,0.2059,69.8762,73.5969,31.3718,
10145355700,4.0850,-0.6194,1.0712,0.2097,67.3122,67.7512,30.9664,
10159483600,4.0989,-0.6145,1.0738,0.2145,64.9754,63.2625,31.1698,
10173696800,4.1132,-0.6090,1.0741,0.2129,63.1621,61.5126,31.5250,
10187208800,4.1269,-0.6027,1.0752,0.2138,62.0279,60.5883,31.7898,
10201905500,4.1414,-0.5974,1.0766,0.2107,61.2061,59.1753,31.0538,
10215293000,4.1548,-0.5915,1.0783,0.2101,60.5385,58.2270,30.6029,
10228959200,4.1687,-0.5851,1.0802,0.2110,59.9434,57.5062,30.2922,
10243501400,4.1830,-0.5776,1.0816,0.2129,58.8071,59.0442,31.6276,
10259256800,4.1988,-0.5703,1.0832,0.2154,57.5864,60.3794,32.8133,
10274919500,4.2144,-0.5614,1.0792,0.2287,57.2458,60.0555,32.4242,
10290951200,4.2305,-0.5556,1.0781,0.2355,56.7022,59.6200,31.9202,
10305719100,4.2454,-0.5502,1.0687,0.2369,56.2944,60.9881,33.5316,
10321826700,4.2614,-0.5444,1.0625,0.2392,55.7318,62.4641,35.3013,
10336332700,4.2758,-0.5365,1.0527,0.2439,55.0633,60.6854,35.8582,
10350740800,4.2903,-0.5291,1.0457,0.2484,54.3498,59.0797,36.4528,
10364956000,4.3046,-0.5219,1.0405,0.2528,53.7027,57.8400,36.9886,
10380062700,4.3196,-0.5162,1.0296,0.2562,53.4318,56.3593,37.9663,
10393951900,4.3333,-0.5101,1.0214,0.2598,53.1233,55.2032,38.7608,
10408003400,4.3477,-0.5035,1.0159,0.2639,53.7922,55.6144,40.5425,
10422486200,4.3620,-0.4969,1.0111,0.2680,54.1978,55.8342,41.9999,
10436621500,4.3761,-0.4935,1.0011,0.2702,54.2741,58.3908,43.1613,
10451062700,4.3905,-0.4892,0.9931,0.2730,54.2686,61.5363,44.7586,
10465174000,4.4049,-0.4863,0.9873,0.2732,53.5139,64.6139,44.7367,
10478997000,4.4185,-0.4825,0.9820,0.2744,52.8926,66.8869,44.8410,
10492818200,4.4323,-0.4781,0.9769,0.2762,52.3954,68.5146,45.0154,
10507011500,4.4466,-0.4739,0.9748,0.2749,52.0864,69.3012,43.6603,
10521077300,4.4606,-0.4694,0.9719,0.2749,51.7856,70.0501,42.7721,
10534800600,4.4744,-0.4675,0.9738,0.2725,52.0270,70.2030,42.8929,
10548774200,4.4885,-0.4647,0.9745,0.2711,52.1342,70.3422,42.9711,
10562927400,4.5024,-0.4612,0.9742,0.2703,52.2026,70.4924,43.0420,
10576509200,4.5161,-0.4627,0.9740,0.2665,52.8216,70.5700,43.2894,
10592667300,4.5322,-0.4631,0.9731,0.2634,53.5908,70.7548,43.6348,
10608666500,4.5483,-0.4637,0.9717,0.2591,54.1986,70.7287,43.8718,
10624367500,4.5637,-0.4633,0.9698,0.2554,54.9137,70.7663,44.1806,
10640269100,4.5798,-0.4645,0.9693,0.2508,55.5653,71.0430,44.9482,
10654923300,4.5944,-0.4646,0.9684,0.2476,56.1039,71.3407,45.6234,
10670755800,4.6103,-0.4658,0.9664,0.2453,56.6042,71.8934,46.3719,
10684518600,4.6241,-0.4662,0.9645,0.2435,57.0324,72.4199,47.0495,
10699282200,4.6388,-0.4675,0.9637,0.2426,57.4396,72.8050,47.3519,
10713847500,4.6534,-0.4682,0.9627,0.2418,57.8121,73.1920,47.6581,
10728051100,4.6677,-0.4686,0.9616,0.2410,58.1676,73.5920,47.9766,
10741823000,4.6813,-0.4699,0.9606,0.2402,58.8370,73.8439,48.4685,
10756170600,4.6957,-0.4708,0.9594,0.2394,59.5089,74.1528,49.0018,
10770654000,4.7102,-0.4727,0.9591,0.2373,59.8666,74.2346,49.0319,
10784475500,4.7242,-0.4741,0.9585,0.2355,60.1824,74.3344,49.0865,
10799085200,4.7386,-0.4759,0.9585,0.2333,60.6514,73.9557,48.2989,
10813273000,4.7528,-0.4773,0.9584,0.2314,61.1794,73.5580,47.4565,
10826580600,4.7663,-0.4783,0.9580,0.2297,61.7040,73.1864,46.6571,
10841256000,4.7808,-0.4787,0.9587,0.2277,62.1749,72.7057,45.5524,
10855120800,4.7946,-0.4790,0.9592,0.2259,62.6223,72.2699,44.5509,
10869079600,4.8088,-0.4790,0.9603,0.2252,63.1371,71.8722,43.5777,
10882740000,4.8223,-0.4790,0.9612,0.2245,63.6168,71.5026,42.6869,
10896972500,4.8365,-0.4790,0.9619,0.2238,64.0648,71.1566,41.8657,
10912812200,4.8523,-0.4782,0.9628,0.2238,64.5110,71.4702,42.0416,
10928785100,4.8685,-0.4775,0.9635,0.2236,64.9110,71.6943,42.1133,
10944545800,4.8840,-0.4760,0.9665,0.2244,65.9032,71.9275,41.5937,
10959571400,4.8991,-0.4747,0.9691,0.2249,66.8336,72.1065,41.0683,
10974920800,4.9144,-0.4719,0.9722,0.2246,67.1853,72.1881,41.2418,
10989346500,4.9291,-0.4697,0.9745,0.2242,67.4799,72.2456,41.3403,
11004438900,4.9440,-0.4669,0.9761,0.2260,67.4785,72.0632,41.2690,
11019090500,4.9586,-0.4647,0.9773,0.2272,67.4900,71.8639,41.1809,
11033499500,4.9729,-0.4621,0.9770,0.2266,67.4756,71.9098,41.2916,
11047636500,4.9873,-0.4598,0.9768,0.2261,67.4666,71.9663,41.4195,
11061982800,5.0015,-0.4577,0.9767,0.2256,67.4643,72.0329,41.5618,
11076634700,5.0160,-0.4559,0.9765,0.2270,67.3531,70.8462,40.6384,
11090442200,5.0299,-0.4541,0.9763,0.2282,67.2010,69.1541,39.3055,
11104586200,5.0443,-0.4520,0.9778,0.2274,66.9532,68.9439,39.1808,
11119168200,5.0587,-0.4499,0.9793,0.2266,66.7573,68.7653,39.0646,
11133146200,5.0727,-0.4440,0.9798,0.2247,66.3924,67.5797,38.6156,
11147030800,5.0866,-0.4391,0.9803,0.2231,66.0181,66.3411,38.1435,
11160586500,5.1001,-0.4353,0.9808,0.2219,65.6896,65.2325,37.7174,
11174697900,5.1143,-0.4311,0.9812,0.2205,65.3778,64.4829,37.1643,
11191013700,5.1305,-0.4276,0.9816,0.2194,65.1202,63.8492,36.7040,
11206824300,5.1464,-0.4126,0.9864,0.2150,64.8364,64.1035,37.1532,
11222608800,5.1621,-0.4052,0.9886,0.2129,64.3476,64.4805,37.8757,
11237916900,5.1774,-0.3990,0.9915,0.2096,64.0209,64.6184,38.5793,
11253486000,5.1930,-0.3935,0.9938,0.2070,63.7200,64.7052,39.1880,
11268142700,5.2078,-0.3886,0.9957,0.2040,62.3095,65.4955,41.1400,
11282659900,5.2222,-0.3840,0.9973,0.2015,61.0676,66.0362,42.7188,
11297428600,5.2370,-0.3804,0.9931,0.1981,60.0205,65.9370,43.2448,
11311575100,5.2511,-0.3767,0.9904,0.1952,59.1739,65.8450,43.6847,
11325831100,5.2654,-0.3731,0.9887,0.1927,58.4476,65.7575,44.0734,
11340221000,5.2798,-0.3708,0.9863,0.1881,57.4155,65.1394,44.1523,
11354496400,5.2940,-0.3681,0.9847,0.1843,56.4608,64.6175,44.2914,
11368595100,5.3083,-0.3673,0.9829,0.1791,55.1364,64.9706,43.6423,
11383161100,5.3226,-0.3658,0.9817,0.1748,53.8326,65.2758,43.1125,
11396705100,5.3363,-0.3633,0.9801,0.1710,53.6410,64.3339,41.3212,
11411149900,5.3507,-0.3607,0.9788,0.1676,53.3572,63.5390,39.8279,
11425003100,5.3647,-0.3580,0.9778,0.1644,53.0138,62.8697,38.5798,
11439077200,5.3786,-0.3575,0.9763,0.1628,52.9421,62.7478,38.6948,
11453002900,5.3925,-0.3565,0.9750,0.1611,52.8446,62.6228,38.7832,
11467160000,5.4068,-0.3562,0.9737,0.1602,53.0303,62.0042,40.2667,
11482768700,5.4223,-0.3554,0.9725,0.1589,53.1468,61.3290,41.7634,
11498919200,5.4384,-0.3544,0.9713,0.1586,53.9420,62.0849,44.7017,
11514463100,5.4540,-0.3526,0.9696,0.1578,54.5086,62.7013,47.1500,
11529813900,5.4695,-0.3506,0.9679,0.1567,54.8502,63.1169,48.9033,
11545173200,5.4847,-0.3496,0.9663,0.1567,55.4125,63.7877,50.3381,
11560599200,5.5001,-0.3484,0.9649,0.1565,55.8145,64.3063,51.5460,
11574819100,5.5143,-0.3479,0.9647,0.1567,55.8962,64.3626,51.3263,
11589229800,5.5289,-0.3474,0.9644,0.1567,56.0180,64.4519,51.0716,
11603633900,5.5432,-0.3473,0.9645,0.1569,56.2732,64.8313,50.4199,
11618329700,5.5578,-0.3471,0.9645,0.1571,56.5387,65.2273,49.8726,
11632863100,5.5724,-0.3467,0.9645,0.1572,56.7702,65.5757,49.5020,
11646397100,5.5861,-0.3465,0.9653,0.1571,57.0270,65.5954,48.3730,
11660232700,5.5998,-0.3460,0.9662,0.1568,57.2551,65.6338,47.4969,
11674704900,5.6141,-0.3464,0.9679,0.1564,57.3362,65.6265,46.2648,
11688523400,5.6282,-0.3467,0.9695,0.1559,57.4210,65.6424,45.2948,
11702842900,5.6424,-0.3473,0.9708,0.1561,57.6421,64.5402,43.5181,
11717029900,5.6565,-0.3478,0.9718,0.1562,57.8280,63.6303,42.0235,
11733280700,5.6727,-0.3485,0.9721,0.1565,58.1572,62.9153,40.8227,
11748494100,5.6882,-0.3490,0.9723,0.1566,58.4384,62.3152,39.7838,
11765139700,5.7045,-0.3495,0.9725,0.1567,58.7818,61.5634,38.4778,
11780007300,5.7196,-0.3500,0.9729,0.1569,59.2737,61.1304,37.5828,
11795489600,5.7350,-0.3505,0.9734,0.1570,59.7023,60.7161,36.7451,
11810051800,5.7497,-0.3510,0.9738,0.1572,59.9503,60.3860,36.1270,
11825262300,5.7648,-0.3515,0.9742,0.1573,60.1780,60.0697,35.5365,
11839765200,5.7793,-0.3520,0.9751,0.1580,60.2365,60.2580,35.5263,
11853893200,5.7934,-0.3526,0.9759,0.1587,60.2999,60.4081,35.4823,
11868618500,5.8083,-0.3532,0.9768,0.1596,60.5303,60.5505,35.2427,
11882424000,5.8220,-0.3538,0.9776,0.1602,60.7995,60.6830,34.9321,
11896749100,5.8363,-0.3543,0.9783,0.1608,61.0828,60.7912,34.5772,
11911528300,5.8510,-0.3545,0.9814,0.1619,61.4010,60.8838,34.3725,
11924742200,5.8644,-0.3547,0.9843,0.1629,61.7070,60.9522,34.1458,
11939006200,5.8785,-0.3537,0.9876,0.1634,61.7999,61.3672,33.3832,
11953076000,5.8926,-0.3530,0.9903,0.1638,61.9174,61.7553,32.5816,
11967124000,5.9067,-0.3524,0.9925,0.1641,62.0428,62.0756,31.8361,
11981023200,5.9206,-0.3516,0.9946,0.1640,62.2057,61.7978,31.1989,
11995119900,5.9347,-0.3510,0.9965,0.1639,62.3456,61.5813,30.6523,
12009538200,5.9492,-0.3504,0.9967,0.1629,62.3821,61.6698,30.7917,
12023432800,5.9629,-0.3498,0.9969,0.1621,62.4569,61.8406,31.0438,
12037369500,5.9769,-0.3496,0.9966,0.1618,62.4905,61.6650,31.0575,
12051476200,5.9910,-0.3495,0.9964,0.1614,62.5466,61.3916,31.0470,
12064860000,6.0045,-0.3494,0.9962,0.1611,62.6151,61.0756,31.0029,
12079014600,6.0185,-0.3488,0.9969,0.1603,62.7474,60.9947,32.0137,
12093379100,6.0329,-0.3481,0.9979,0.1593,62.8875,60.9075,32.9666,
12106917000,6.0466,-0.3473,0.9982,0.1587,62.7014,60.6360,33.3933,
12123021800,6.0625,-0.3466,0.9986,0.1581,62.5615,60.4089,33.7193,
12139099500,6.0785,-0.3456,0.9978,0.1564,62.3694,60.3251,35.1807,
12154740300,6.0943,-0.3443,0.9969,0.1541,62.1866,60.2177,36.6059,
12170051200,6.1098,-0.3441,0.9955,0.1527,62.0346,59.0358,35.8809,
12185210800,6.1247,-0.3438,0.9946,0.1516,61.9181,58.1694,35.3858,
12199985000,6.1395,-0.3439,0.9935,0.1506,61.5524,57.3457,35.4087,
12214908000,6.1544,-0.3439,0.9927,0.1497,61.2122,56.5663,35.4549,
12229179000,6.1689,-0.3438,0.9920,0.1489,60.9107,55.8639,35.5167,
12243855700,6.1833,-0.3436,0.9921,0.1479,60.6693,55.6361,35.4322,
12258281000,6.1978,-0.3433,0.9923,0.1470,60.4744,55.4332,35.3772,
12272272400,6.2117,-0.3431,0.9924,0.1464,60.1503,55.2311,35.5589,
12286130300,6.2258,-0.3429,0.9925,0.1458,59.8018,54.9878,35.7573,
12300504900,6.2401,-0.3430,0.9922,0.1456,59.6144,54.8351,35.6990,
12314951400,6.2544,-0.3430,0.9918,0.1453,59.4493,54.6901,35.6567,
12328645900,6.2683,-0.3430,0.9915,0.1450,59.2832,54.5360,35.6216,
12342833000,6.2824,-0.3438,0.9916,0.1448,58.4526,54.2621,35.1874,
12356883400,6.2965,-0.3449,0.9919,0.1445,57.5214,53.9541,34.7368,
12370922100,6.3104,-0.3472,0.9899,0.1456,56.9203,53.4916,34.4164,
12384742600,6.3245,-0.3494,0.9879,0.1466,56.3892,53.0904,34.1572,
12399146900,6.3387,-0.3507,0.9852,0.1490,55.7520,53.0562,34.5839,
12413292200,6.3528,-0.3517,0.9830,0.1508,55.1250,52.9913,34.9737,
12426905800,6.3666,-0.3525,0.9812,0.1523,54.5283,52.9041,35.3205,
12441054700,6.3806,-0.3545,0.9797,0.1540,54.2718,52.6533,35.4596,
12455532300,6.3950,-0.3562,0.9784,0.1554,54.0187,52.4237,35.5878,
12469069800,6.4087,-0.3596,0.9756,0.1590,54.0015,52.4157,35.7367,
12483203500,6.4227,-0.3623,0.9732,0.1619,53.9712,52.4008,35.8632,
12497085000,6.4366,-0.3644,0.9713,0.1642,53.9266,52.3785,35.9939,
12511131600,6.4506,-0.3701,0.9673,0.1677,53.7403,52.6199,37.1450,
12524732600,6.4643,-0.3744,0.9641,0.1705,53.5058,52.8552,38.3883,
12539408600,6.4789,-0.3811,0.9615,0.1750,53.3131,52.7945,39.0328,
12553108600,6.4926,-0.3864,0.9593,0.1786,53.1297,52.7340,39.5897,
12567082900,6.5067,-0.3927,0.9585,0.1797,53.1384,52.3966,39.7254,
12580951000,6.5205,-0.3979,0.9575,0.1810,53.1281,52.0967,39.8697,
12595270600,6.5346,-0.4023,0.9563,0.1824,53.1032,51.8120,40.0269,
12609252300,6.5489,-0.4072,0.9549,0.1827,53.5407,50.5925,40.0294,
12623235800,6.5628,-0.4116,0.9534,0.1834,53.9378,49.3986,40.0532,
12637103100,6.5765,-0.4155,0.9539,0.1837,54.3857,46.9548,38.8683,
12651080800,6.5905,-0.4193,0.9539,0.1843,54.7212,44.8937,37.9087,
12664762500,6.6044,-0.4229,0.9536,0.1851,54.9695,43.1912,37.1513,
12678836900,6.6184,-0.4275,0.9523,0.1841,55.6990,41.9263,35.8686,
12692865300,6.6324,-0.4320,0.9511,0.1837,56.3016,40.7004,34.7303,
12707167700,6.6468,-0.4360,0.9504,0.1824,56.2981,39.5102,34.1347,
12720671300,6.6603,-0.4399,0.9496,0.1817,56.3097,38.3284,33.5541,
12734629200,6.6742,-0.4441,0.9490,0.1805,56.3370,37.4351,33.2899,
12748611100,6.6884,-0.4481,0.9484,0.1797,56.3743,36.5067,32.9979,
12762729200,6.7023,-0.4521,0.9476,0.1793,56.4192,35.5416,32.6805,
12776682600,6.7163,-0.4588,0.9467,0.1773,56.7115,35.0244,32.6023,
12790622900,6.7303,-0.4646,0.9458,0.1760,56.9840,34.4478,32.4832,
12804661000,6.7444,-0.4722,0.9455,0.1757,57.4127,33.9207,31.9760,
12819239700,6.7588,-0.4789,0.9450,0.1756,57.8470,33.2935,31.4214,
12832871900,6.7725,-0.4832,0.9464,0.1765,57.9411,33.0888,31.1243,
12847322600,6.7871,-0.4873,0.9472,0.1772,58.0251,32.8757,30.8579,
12860542800,6.8002,-0.4915,0.9475,0.1776,58.1134,32.6263,30.5759,
12874476800,6.8140,-0.4916,0.9478,0.1767,58.4063,31.5188,29.3567,
12888277000,6.8280,-0.4923,0.9480,0.1761,58.7229,30.2109,27.9602,
12902540900,6.8421,-0.4918,0.9481,0.1754,59.0054,29.3233,27.1541,
12916283600,6.8559,-0.4916,0.9481,0.1746,59.2553,28.4750,26.3989,
12930059400,6.8697,-0.4916,0.9481,0.1738,59.4856,27.6367,25.6641,
12944088200,6.8837,-0.4901,0.9495,0.1729,59.4573,27.6530,25.7502,
12958070800,6.8977,-0.4891,0.9508,0.1721,59.4433,27.6497,25.7906,
12971874400,6.9115,-0.4878,0.9532,0.1710,59.4350,27.7569,25.9403,
12986073100,6.9258,-0.4871,0.9552,0.1702,59.4218,27.9648,26.2447,
12999979200,6.9396,-0.4870,0.9567,0.1695,59.4095,28.2105,26.6220,
13014112500,6.9538,-0.4873,0.9571,0.1698,59.3369,28.9267,27.6710,
13027989800,6.9678,-0.4877,0.9574,0.1700,59.2619,29.6427,28.7481,
13041944800,6.9815,-0.4876,0.9573,0.1702,59.1387,30.2435,29.9743,
13056299800,6.9959,-0.4875,0.9573,0.1703,59.0295,30.7537,31.0627,
13069860400,7.0097,-0.4875,0.9573,0.1704,58.8607,31.2680,31.9495,
13083909100,7.0235,-0.4876,0.9572,0.1705,58.7184,31.6865,32.6994,
13097972900,7.0376,-0.4875,0.9572,0.1706,58.7076,31.6742,32.8390,
13111795600,7.0513,-0.4874,0.9572,0.1707,58.7002,31.6635,32.9487,
13125669800,7.0654,-0.4873,0.9572,0.1708,58.6939,31.6524,33.0533,
13139855100,7.0795,-0.4871,0.9573,0.1710,58.7171,31.6254,33.1686,
13153981900,7.0936,-0.4869,0.9574,0.1713,58.7438,31.5937,33.3042,
13167522900,7.1073,-0.4855,0.9574,0.1720,58.8028,31.6145,33.4210,
13181672900,7.1213,-0.4841,0.9573,0.1726,58.8636,31.6357,33.5436,
13195363000,7.1350,-0.4829,0.9573,0.1732,58.9295,31.6586,33.6785,
13209254600,7.1490,-0.4810,0.9574,0.1738,58.8884,31.6873,33.7850,
13223493600,7.1631,-0.4794,0.9575,0.1744,58.8423,31.7189,33.9047,
13237464800,7.1771,-0.4769,0.9582,0.1753,58.7904,31.7563,33.9100,
13251163500,7.1908,-0.4748,0.9589,0.1760,58.6980,31.8227,33.9187,
13265172000,7.2049,-0.4734,0.9598,0.1763,58.5261,31.8603,33.8555,
13279153200,7.2188,-0.4722,0.9606,0.1765,58.3127,31.9048,33.7741,
13292992600,7.2327,-0.4712,0.9613,0.1766,58.0830,31.9506,33.6837,
13307192300,7.2469,-0.4702,0.9617,0.1769,57.7780,31.8641,33.6905,
13321744300,7.2613,-0.4692,0.9620,0.1771,57.4526,31.7692,33.6969,
13335259300,7.2749,-0.4690,0.9618,0.1771,57.3571,31.7574,33.6215,
13348935500,7.2887,-0.4689,0.9617,0.1771,57.2829,31.7472,33.5617,
13363115300,7.3027,-0.4687,0.9616,0.1770,57.2142,31.7370,33.5052,
13376984400,7.3165,-0.4682,0.9614,0.1771,57.1541,31.8002,33.5553,
13390850000,7.3305,-0.4676,0.9611,0.1772,57.0878,31.8701,33.6107,
13404763100,7.3446,-0.4662,0.9609,0.1778,57.0777,32.0198,33.5923,
13418726700,7.3584,-0.4647,0.9607,0.1785,57.0657,32.2467,33.5619,
13433003200,7.3725,-0.4627,0.9603,0.1794,57.0345,32.4151,33.5333,
13446719800,7.3865,-0.4610,0.9600,0.1802,57.0059,32.5799,33.5032,
13460703100,7.4004,-0.4595,0.9598,0.1809,56.9796,32.7414,33.4718,
13474678200,7.4143,-0.4573,0.9596,0.1814,56.9957,32.8276,33.5064,
13488406600,7.4281,-0.4553,0.9594,0.1818,57.0081,32.8893,33.5312,
13502695900,7.4423,-0.4525,0.9594,0.1820,57.0369,32.9654,33.5794,
13516975700,7.4566,-0.4500,0.9595,0.1821,57.0736,33.0594,33.6394,
13530612500,7.4702,-0.4484,0.9595,0.1826,57.1208,33.2495,33.7531,
13544411700,7.4841,-0.4469,0.9595,0.1830,57.1788,33.4817,33.8928,
13558540200,7.4981,-0.4455,0.9594,0.1833,57.2430,33.7377,34.0474,
13572466300,7.5120,-0.4436,0.9587,0.1836,57.3359,34.1928,34.1154,
13586431400,7.5262,-0.4417,0.9581,0.1839,57.4398,34.7021,34.1894,
13600377300,7.5399,-0.4394,0.9575,0.1843,57.3482,35.7786,34.5481,
13614479000,7.5541,-0.4372,0.9570,0.1847,57.2547,36.8152,34.8882,
13628229900,7.5680,-0.4353,0.9566,0.1851,57.1671,37.7360,35.1856,
13642314400,7.5819,-0.4333,0.9568,0.1850,56.9994,38.5766,35.5903,
13656399500,7.5959,-0.4314,0.9569,0.1849,56.8494,39.3187,35.9388,
13670274500,7.6099,-0.4297,0.9567,0.1844,56.8061,39.7000,35.7026,
13684001200,7.6238,-0.4280,0.9566,0.1840,56.7610,40.0901,35.4901,
13698093300,7.6377,-0.4264,0.9563,0.1829,56.6438,40.2449,34.9513,
13712152700,7.6517,-0.4247,0.9560,0.1819,56.5305,40.4217,34.4545,
13725714900,7.6655,-0.4230,0.9558,0.1811,56.4235,40.6112,34.0052,
13739399000,7.6791,-0.4221,0.9547,0.1800,56.3537,40.8157,33.4156,
13753719500,7.6934,-0.4210,0.9537,0.1789,56.2843,41.0312,32.8719,
13767554400,7.7073,-0.4183,0.9526,0.1772,56.0835,41.7114,32.9596,
13781170200,7.7208,-0.4157,0.9517,0.1756,55.8984,42.3369,33.0145,
13794880200,7.7345,-0.4133,0.9509,0.1743,55.7236,42.9268,33.0450,
13808592700,7.7484,-0.4110,0.9496,0.1735,55.7112,43.8657,33.0688,
13822810400,7.7623,-0.4089,0.9485,0.1727,55.6875,44.7712,33.0759,
13836431100,7.7760,-0.4057,0.9486,0.1719,55.8520,46.8153,33.5352,
13850393200,7.7900,-0.4027,0.9485,0.1710,55.9710,48.6221,33.9183,
13863820700,7.8036,-0.4000,0.9484,0.1703,56.0515,50.1437,34.2207,
13877585600,7.8172,-0.3940,0.9468,0.1681,56.1982,51.8693,34.7641,
13891638800,7.8313,-0.3890,0.9455,0.1663,56.3040,53.3800,35.2107,
13905290300,7.8451,-0.3831,0.9443,0.1641,56.7183,55.2692,35.9225,
13919347200,7.8590,-0.3783,0.9434,0.1624,57.0443,57.0000,36.5528,
13933133900,7.8727,-0.3728,0.9414,0.1611,57.1103,57.6156,36.6896,
13947304800,7.8871,-0.3683,0.9399,0.1599,57.1688,58.2327,36.8293,
13961097200,7.9007,-0.3643,0.9387,0.1588,57.2276,58.9109,36.9848,
13974802700,7.9144,-0.3597,0.9385,0.1577,57.1177,59.3239,36.9918,
13989091000,7.9288,-0.3555,0.9382,0.1567,57.0195,59.8182,37.0210,
14002834700,7.9425,-0.3476,0.9364,0.1532,57.1957,60.9436,37.2498,
14016655800,7.9563,-0.3410,0.9349,0.1503,57.3719,62.1821,37.5108,
14030554300,7.9702,-0.3327,0.9335,0.1484,57.1695,63.0407,38.1123,
14044307100,7.9840,-0.3257,0.9323,0.1467,56.9964,63.8642,38.6435,
14058018100,7.9976,-0.3194,0.9311,0.1450,56.8323,64.7209,39.1599,
14072224600,8.0119,-0.3127,0.9317,0.1428,56.3504,65.9463,39.9627,
14086093700,8.0259,-0.3065,0.9319,0.1408,55.8784,67.1978,40.7367,
14100298400,8.0399,-0.3002,0.9338,0.1371,55.1134,68.4842,41.0183,
14114059400,8.0537,-0.2943,0.9350,0.1339,54.4235,69.7139,41.2829,
14127934800,8.0677,-0.2885,0.9356,0.1312,53.8235,70.8404,41.5216,
14141796800,8.0814,-0.2819,0.9339,0.1282,52.8830,71.5468,41.3109,
14155553000,8.0951,-0.2757,0.9326,0.1255,52.0648,72.2663,41.1656,
14169829100,8.1096,-0.2692,0.9364,0.1211,51.7520,74.1332,41.2854,
14183804100,8.1234,-0.2631,0.9390,0.1174,51.4169,75.8165,41.3934,
14197543800,8.1372,-0.2571,0.9408,0.1141,51.0814,77.2928,41.4851,
14214047600,8.1536,-0.2538,0.9419,0.1119,52.4951,78.4874,41.7312,
14229427500,8.1692,-0.2480,0.9429,0.1088,53.7083,80.0975,42.0698,
14245111600,8.1847,-0.2431,0.9494,0.1058,53.5088,81.5302,43.0618,
14260350300,8.1999,-0.2382,0.9541,0.1029,53.3399,82.7481,43.8172,
14275340400,8.2149,-0.2349,0.9549,0.1005,53.6682,84.3200,44.7861,
14290390200,8.2300,-0.2314,0.9557,0.0982,53.9274,85.8861,45.6955,
14304710900,8.2445,-0.2306,0.9542,0.0983,54.2133,86.7863,45.3284,
14319887300,8.2595,-0.2292,0.9532,0.0979,54.4614,87.7698,45.0727,
14334299300,8.2738,-0.2278,0.9525,0.0979,54.5323,88.5378,45.2331,
14348096400,8.2879,-0.2258,0.9520,0.0975,54.5911,89.3064,45.3979,
14362569200,8.3022,-0.2230,0.9516,0.0968,54.6446,90.1222,45.5762,
14376728100,8.3164,-0.2225,0.9515,0.0962,54.7608,90.1621,45.5580,
14391230700,8.3308,-0.2216,0.9516,0.0955,54.8462,90.2438,45.5571,
14404547000,8.3443,-0.2214,0.9514,0.0953,55.0030,90.0905,45.1619,
14419473800,8.3591,-0.2208,0.9513,0.0950,55.2065,89.9611,44.6647,
14433301600,8.3729,-0.2175,0.9509,0.0941,55.2802,90.1027,43.9909,
14447049800,8.3867,-0.2136,0.9506,0.0928,55.3593,90.3319,43.3183,
14461005600,8.4006,-0.2096,0.9504,0.0915,55.4370,90.6220,42.7082,
14475201300,8.4148,-0.2071,0.9512,0.0922,55.7546,91.1023,41.9486,
14489000100,8.4288,-0.2046,0.9519,0.0925,56.0370,91.5954,41.2822,
14503190400,8.4428,-0.1979,0.9535,0.0914,55.9631,92.0532,41.0160,
14518064800,8.4577,-0.1921,0.9549,0.0903,55.9153,92.4892,40.7747,
14531796600,8.4714,-0.1872,0.9559,0.0893,55.8837,92.9287,40.5404,
14545623400,8.4854,-0.1841,0.9546,0.0896,55.8927,92.8608,40.5169,
14559207300,8.4987,-0.1811,0.9538,0.0896,55.8990,92.8308,40.4990,
14572536200,8.5121,-0.1751,0.9515,0.0899,55.9589,92.8207,40.5258,
14586524600,8.5263,-0.1697,0.9498,0.0900,56.0872,92.8159,40.5768,
14600465000,8.5400,-0.1622,0.9515,0.0914,57.3883,94.0882,40.6161,
14614540600,8.5541,-0.1559,0.9527,0.0922,58.8155,95.6094,40.7007,
14627949400,8.5677,-0.1502,0.9536,0.0927,60.0070,96.9954,40.8111,
14644553600,8.5841,-0.1434,0.9557,0.0939,61.9273,99.4404,41.0567,
14660059600,8.5996,-0.1372,0.9573,0.0948,63.3970,101.4911,41.3680,
14676839800,8.6163,-0.1261,0.9608,0.0961,63.4448,104.0327,42.0681,
14691632800,8.6313,-0.1191,0.9628,0.0967,63.6066,106.4359,42.7112,
14706166900,8.6459,-0.1047,0.9680,0.0952,64.5963,106.6382,41.9687,
14721357500,8.6609,-0.0931,0.9719,0.0942,65.4448,107.0331,41.4527,
14736271600,8.6758,-0.0878,0.9721,0.0929,66.2498,108.0907,41.0718,
14750890300,8.6905,-0.0822,0.9726,0.0919,67.0172,109.2067,40.8273,
14764938800,8.7047,-0.0765,0.9734,0.0911,67.7402,110.3504,40.6965,
14779458500,8.7190,-0.0699,0.9755,0.0894,68.2978,109.7735,39.2811,
14793520900,8.7330,-0.0635,0.9773,0.0880,68.8516,109.4890,38.1345,
14807424700,8.7472,-0.0610,0.9780,0.0872,68.1174,108.8787,37.0440,
14821980100,8.7615,-0.0578,0.9787,0.0865,67.4719,108.4494,35.9809,
14836319000,8.7758,-0.0542,0.9775,0.0853,66.0697,108.8877,36.2735,
14850746300,8.7902,-0.0498,0.9767,0.0843,64.8552,109.3619,36.4541,
14863963000,8.8037,-0.0449,0.9764,0.0832,63.9033,109.8254,36.5372,
14878302500,8.8178,-0.0383,0.9722,0.0811,62.9213,110.4349,36.0672,
14892230100,8.8318,-0.0321,0.9695,0.0793,62.1061,111.0354,35.6413,
14906076800,8.8457,-0.0248,0.9651,0.0785,61.2040,111.7433,35.1640,
14920624600,8.8602,-0.0180,0.9621,0.0776,60.4496,112.4060,34.7314,
14934413900,8.8740,-0.0116,0.9599,0.0767,59.8084,113.0255,34.3360,
14948329600,8.8880,-0.0034,0.9578,0.0762,59.9630,113.9527,34.8324,
14962483500,8.9019,0.0041,0.9561,0.0756,60.0429,114.7980,35.2102,
14976553900,8.9161,0.0091,0.9537,0.0746,60.2551,115.2818,35.8656,
14990493400,8.9300,0.0144,0.9517,0.0737,60.4758,115.9170,36.6314,
15004325500,8.9440,0.0159,0.9517,0.0713,60.5263,116.8495,37.2392,
15018886600,8.9583,0.0183,0.9515,0.0694,60.5484,117.8994,37.8707,
15032187000,8.9717,0.0193,0.9511,0.0680,60.3996,118.5635,38.2516,
15046183100,8.9859,0.0212,0.9506,0.0665,60.2362,119.2387,38.6011,
15060030600,8.9996,0.0240,0.9499,0.0649,60.0533,119.9488,38.9352,
15074357900,9.0138,0.0265,0.9506,0.0595,59.7151,123.1343,39.7381,
15088228400,9.0280,0.0297,0.9509,0.0548,59.3667,125.9586,40.3917,
15102719400,9.0423,0.0348,0.9508,0.0501,58.9849,128.5675,40.9200,
15116390100,9.0559,0.0345,0.9498,0.0491,58.8936,129.1019,41.5185,
15130061400,9.0697,0.0350,0.9491,0.0481,58.8177,129.5137,41.8728,
15144357300,9.0839,0.0340,0.9494,0.0455,58.6949,129.6161,42.0744,
15158421900,9.0980,0.0340,0.9494,0.0455,58.6698,129.6369,42.1155,
15172367200,9.1119,0.0313,0.9482,0.0417,58.7425,129.6181,42.2028,
15186016300,9.1256,0.0298,0.9470,0.0382,58.8975,129.6272,42.4070,
15199932800,9.1395,0.0293,0.9461,0.0352,59.0774,129.6955,42.6660,
15213881300,9.1535,0.0281,0.9444,0.0281,59.1781,129.6245,42.5346,
15227651900,9.1674,0.0278,0.9430,0.0224,59.3022,129.5623,42.3689,
15241838200,9.1812,0.0259,0.9423,0.0198,59.6527,129.4948,42.1927,
15256103700,9.1957,0.0249,0.9417,0.0175,60.0441,129.4631,41.9982,
15269701000,9.2094,0.0203,0.9405,0.0152,60.5031,130.1601,42.0739,
15283745300,9.2233,0.0170,0.9394,0.0128,60.9662,130.9485,42.1777,
15297876500,9.2374,0.0147,0.9385,0.0104,61.3879,131.7475,42.2995,
15311925300,9.2515,0.0109,0.9369,0.0084,62.0178,133.6066,43.3912,
15325648600,9.2654,0.0080,0.9356,0.0063,62.5604,135.3602,44.4128,
15339229000,9.2788,0.0009,0.9324,0.0034,63.0082,137.9959,45.3005,
15353469300,9.2929,-0.0043,0.9299,0.0006,63.3831,140.3239,46.1254,
15366952700,9.3067,-0.0098,0.9273,-0.0004,63.5172,140.8539,46.3108,
15381125500,9.3207,-0.0140,0.9252,-0.0018,63.6302,141.3507,46.4916,
15395024900,9.3346,-0.0172,0.9235,-0.0034,63.7423,141.8783,46.6886,
15409151000,9.3488,-0.0190,0.9234,-0.0062,63.7362,142.6864,47.0593,
15423030400,9.3626,-0.0208,0.9230,-0.0088,63.7449,143.6077,47.4754,
15436951300,9.3765,-0.0237,0.9229,-0.0106,64.1364,144.9231,48.2644,
15451008700,9.3906,-0.0265,0.9226,-0.0126,64.5235,146.3460,49.1096,
15464952700,9.4046,-0.0292,0.9221,-0.0147,64.8855,147.7963,49.9666,
15478979900,9.4185,-0.0314,0.9233,-0.0188,64.9157,149.8953,51.6281,
15492779700,9.4324,-0.0337,0.9239,-0.0225,64.9442,151.8998,53.1726,
15506821100,9.4466,-0.0390,0.9242,-0.0267,65.0197,154.2098,53.8700,
15520774600,9.4602,-0.0434,0.9242,-0.0303,65.0960,156.4363,54.6120,
15534667600,9.4743,-0.0472,0.9241,-0.0324,64.7652,156.0179,53.6964,
15548185300,9.4879,-0.0505,0.9239,-0.0344,64.5150,155.8585,53.0647,
15562338100,9.5019,-0.0537,0.9236,-0.0366,64.2978,155.8544,52.5621,
15576490200,9.5160,-0.0566,0.9258,-0.0405,63.9446,156.3099,51.4432,
15590451400,9.5301,-0.0596,0.9273,-0.0442,63.6314,156.8904,50.4887,
15604249400,9.5440,-0.0618,0.9279,-0.0456,62.8775,157.3372,49.6099,
15617846300,9.5574,-0.0640,0.9283,-0.0473,62.2787,157.8382,48.9266,
15632618500,9.5721,-0.0661,0.9281,-0.0483,62.1122,158.0167,48.4725,
15645951400,9.5857,-0.0685,0.9280,-0.0496,61.9612,158.2496,48.0993,
15659954600,9.5996,-0.0710,0.9279,-0.0512,61.8103,158.5335,47.7527,
15674048700,9.6137,-0.0715,0.9270,-0.0512,61.8275,158.5155,47.8553,
15687853700,9.6275,-0.0723,0.9263,-0.0514,61.8629,158.4977,48.1014,
15701760300,9.6414,-0.0725,0.9267,-0.0516,62.0877,158.5252,48.4503,
15716144700,9.6558,-0.0730,0.9271,-0.0521,62.3213,158.5990,48.8133,
15729656900,9.6694,-0.0739,0.9277,-0.0528,62.5283,158.7052,49.1360,
15743925600,9.6834,-0.0767,0.9291,-0.0546,62.9637,159.0918,49.2194,
15757783800,9.6974,-0.0797,0.9304,-0.0566,63.5135,159.6348,49.3248,
15772657900,9.7123,-0.0849,0.9348,-0.0585,64.1631,159.7180,49.1434,
15785666100,9.7254,-0.0892,0.9381,-0.0603,64.7621,159.8305,48.9644,
15799388200,9.7389,-0.0928,0.9418,-0.0595,64.9231,159.8867,48.5840,
15813625500,9.7532,-0.0959,0.9446,-0.0594,65.0779,159.9620,48.2250,
15827556000,9.7673,-0.0987,0.9468,-0.0596,65.2350,160.0565,47.8661,
15841634000,9.7812,-0.1009,0.9468,-0.0594,65.4910,160.5474,47.2469,
15855461500,9.7950,-0.1031,0.9470,-0.0595,65.7498,161.0430,46.6351,
15869427600,9.8092,-0.1071,0.9486,-0.0609,65.5613,161.0635,46.3047,
15883931100,9.8236,-0.1111,0.9501,-0.0624,65.4251,161.1032,46.0287,
15897255900,9.8368,-0.1147,0.9516,-0.0637,65.3095,161.1590,45.7608,
15911445700,9.8510,-0.1188,0.9521,-0.0640,65.3649,161.3647,45.2513,
15925487700,9.8653,-0.1226,0.9527,-0.0645,65.4279,161.5944,44.7070,
15939584200,9.8792,-0.1283,0.9526,-0.0670,65.2348,162.1634,43.8510,
15953834400,9.8934,-0.1334,0.9528,-0.0691,65.0757,162.6950,43.0579,
15967099500,9.9068,-0.1373,0.9529,-0.0712,64.6575,163.5173,42.7458,
15981053200,9.9206,-0.1410,0.9532,-0.0729,64.3229,164.2128,42.4335,
15995028700,9.9346,-0.1445,0.9536,-0.0745,64.0466,164.8197,42.1249,
16009230400,9.9490,-0.1527,0.9521,-0.0786,64.1890,166.5629,42.2975,
16023123700,9.9627,-0.1595,0.9512,-0.0819,64.2889,168.1043,42.3883,
16037429300,9.9771,-0.1615,0.9524,-0.0826,64.2075,168.6292,42.6525,
16051174200,9.9908,-0.1636,0.9534,-0.0834,64.1439,169.0591,42.8137,
16064893900,10.0046,-0.1661,0.9542,-0.0844,64.0825,169.4901,42.9367,
16079061700,10.0186,-0.1767,0.9543,-0.0878,64.1350,169.9330,43.1997,
16093158100,10.0328,-0.1852,0.9545,-0.0906,64.1829,170.4238,43.4560,
16106198000,10.0460,-0.2108,0.9556,-0.1063,63.5139,176.5269,47.3546,
16120325000,10.0599,-0.2303,0.9565,-0.1179,62.7798,181.6979,50.4831,
16134632900,10.0742,-0.2523,0.9566,-0.1300,62.6084,182.3826,50.8505,
16148579900,10.0883,-0.2702,0.9568,-0.1396,62.4685,183.0024,51.1560,
16162053000,10.1017,-0.2855,0.9571,-0.1477,62.3314,183.6424,51.4564,
16176329400,10.1159,-0.3101,0.9604,-0.1685,60.8454,184.7188,46.7462,
16189889300,10.1296,-0.3305,0.9628,-0.1847,59.7281,185.9664,43.4904,
16204024300,10.1436,-0.3526,0.9711,-0.2042,57.8031,183.6237,38.6971,
16217731100,10.1574,-0.3718,0.9773,-0.2202,56.4456,182.6917,35.7530,
16231549800,10.1711,-0.3871,0.9764,-0.2274,56.7481,180.4070,35.7202,
16245334600,10.1850,-0.4020,0.9763,-0.2352,57.0150,177.3390,35.3869,
16259619600,10.1992,-0.4166,0.9767,-0.2434,57.0884,174.9223,34.8714,
16273237700,10.2128,-0.4220,0.9789,-0.2403,59.6295,170.2513,34.6409,
16287510300,10.2273,-0.4298,0.9808,-0.2406,61.1322,166.9163,33.9969,
16301310600,10.2408,-0.4320,0.9899,-0.2401,60.3256,169.9911,38.6680,
16315528200,10.2550,-0.4372,0.9968,-0.2417,59.7037,171.8098,41.7123,
16329078200,10.2688,-0.4443,1.0024,-0.2448,59.2222,172.9358,43.8388,
16343108000,10.2827,-0.4452,0.9989,-0.2411,57.5386,175.7110,47.3417,
16357217100,10.2967,-0.4484,0.9967,-0.2394,56.1651,177.5643,49.9085,
16371023300,10.3106,-0.4511,0.9936,-0.2366,54.7184,179.1876,50.4901,
16385135200,10.3249,-0.4557,0.9916,-0.2354,53.5040,180.4208,51.0447,
16399052900,10.3387,-0.4610,0.9831,-0.2321,52.6822,182.2063,49.7983,
16413458000,10.3530,-0.4672,0.9775,-0.2307,51.9014,183.7113,48.9564,
16426966700,10.3667,-0.4739,0.9735,-0.2304,51.2118,184.8957,48.4455,
16440650000,10.3803,-0.4729,0.9747,-0.2286,53.1507,182.2251,43.1345,
16454961900,10.3946,-0.4733,0.9754,-0.2279,54.3585,180.1357,38.9055,
16468755700,10.4084,-0.4749,0.9775,-0.2265,56.6237,177.5152,35.2738,
16482581500,10.4222,-0.4779,0.9797,-0.2254,58.0447,175.5357,32.3918,
16496057200,10.4356,-0.4822,0.9816,-0.2247,58.9891,174.0081,30.0481,
16509657800,10.4494,-0.4864,0.9789,-0.2246,63.9199,171.7682,26.6613,
16523757800,10.4633,-0.4915,0.9766,-0.2248,67.2547,169.2449,23.1087,
16538009200,10.4776,-0.5016,0.9717,-0.2292,69.5625,163.5065,17.2677,
16551626800,10.4912,-0.5103,0.9681,-0.2326,71.1509,158.4471,11.8865,
16565069800,10.5048,-0.5099,0.9665,-0.2288,70.7046,158.9165,12.6102,
16580003000,10.5195,-0.5109,0.9653,-0.2267,70.5194,159.0043,12.7962,
16593757700,10.5334,-0.5129,0.9642,-0.2252,70.2667,158.9411,12.8540,
16607027000,10.5468,-0.5126,0.9647,-0.2244,70.0636,159.0809,12.8669,
16621205600,10.5608,-0.5129,0.9650,-0.2239,69.8989,159.0692,12.6788,
16635096400,10.5746,-0.5122,0.9652,-0.2260,70.4660,163.4298,14.3601,
16648905800,10.5887,-0.5114,0.9656,-0.2305,71.1614,167.5343,15.6834,
16663066700,10.6027,-0.5129,0.9677,-0.2348,71.2237,170.1694,17.5590,
16676964300,10.6166,-0.5148,0.9691,-0.2383,71.3694,171.9520,18.6614,
16690605300,10.6302,-0.5169,0.9701,-0.2411,71.5711,173.3542,19.4010,
16704767800,10.6445,-0.5172,0.9715,-0.2424,71.6215,173.4614,19.3573,
16719012000,10.6586,-0.5179,0.9725,-0.2435,71.6989,173.5682,19.2885,
16732836500,10.6725,-2.4270,0.0574,-0.4420,0.0000,90.0000,0.0000,
16746577400,10.6864,-2.4270,0.0574,-0.4420,0.0000,90.0000,0.0000,
16760762900,10.7005,-2.4270,0.0574,-0.4420,0.0000,90.0000,0.0000,
16774606500,10.7144,-2.4270,0.0574,-0.4420,0.0000,90.0000,0.0000,
16788913800,10.7288,-2.4270,0.0574,-0.4420,0.0000,90.0000,0.0000,
16802465500,10.7421,-2.4270,0.0574,-0.4420,0.0000,90.0000,0.0000,
16816569200,10.7563,-2.4270,0.0574,-0.4420,0.0000,90.0000,0.0000,
16830244200,10.7700,-2.4270,0.0574,-0.4420,0.0000,90.0000,0.0000,
16844444100,10.7843,-2.4270,0.0574,-0.4420,0.0000,90.0000,0.0000,
16859051300,10.7988,-2.4270,0.0574,-0.4420,0.0000,90.0000,0.0000,
16872655300,10.8124,-2.4270,0.0574,-0.4420,0.0000,90.0000,0.0000,
16886415600,10.8263,-2.4270,0.0574,-0.4420,0.0000,90.0000,0.0000,
16900342100,10.8401,-2.4270,0.0574,-0.4420,0.0000,90.0000,0.0000,
16914393100,10.8540,-2.4270,0.0574,-0.4420,0.0000,90.0000,0.0000,
16927984400,10.8679,-2.4270,0.0574,-0.4420,0.0000,90.0000,0.0000,
16941456700,10.8812,-2.4270,0.0574,-0.4420,0.0000,90.0000,0.0000,
16955716200,10.8955,-2.4270,0.0574,-0.4420,0.0000,90.0000,0.0000,
16969826200,10.9097,-2.4270,0.0574,-0.4420,0.0000,90.0000,0.0000,
16983958600,10.9237,-2.4270,0.0574,-0.4420,0.0000,90.0000,0.0000,
16997502300,10.9373,-2.4270,0.0574,-0.4420,0.0000,90.0000,0.0000,
17011602000,10.9514,-2.4270,0.0574,-0.4420,0.0000,90.0000,0.0000,
17025445300,10.9652,-2.4270,0.0574,-0.4420,0.0000,90.0000,0.0000,
17039547500,10.9793,-2.4270,0.0574,-0.4420,0.0000,90.0000,0.0000,
17053278400,10.9931,-2.4270,0.0574,-0.4420,0.0000,90.0000,0.0000,
17067109800,11.0070,-2.4270,0.0574,-0.4420,0.0000,90.0000,0.0000,
17081375100,11.0210,-2.4270,0.0574,-0.4420,0.0000,90.0000,0.0000,
17095053500,11.0348,-2.4270,0.0574,-0.4420,0.0000,90.0000,0.0000,
17108873200,11.0488,-2.4270,0.0574,-0.4420,0.0000,90.0000,0.0000,
17122370000,11.0621,-2.4270,0.0574,-0.4420,0.0000,90.0000,0.0000,
17137032000,11.0768,-2.4270,0.0574,-0.4420,0.0000,90.0000,0.0000,
17150717700,11.0905,-2.4270,0.0574,-0.4420,0.0000,90.0000,0.0000,
17164282900,11.1042,-2.4270,0.0574,-0.4420,0.0000,90.0000,0.0000,
17178281000,11.1181,-2.4270,0.0574,-0.4420,0.0000,90.0000,0.0000,
17191884500,11.1316,-2.4270,0.0574,-0.4420,0.0000,90.0000,0.0000,
17206212200,11.1461,-2.4270,0.0574,-0.4420,0.0000,90.0000,0.0000,
17219892600,11.1597,-2.4270,0.0574,-0.4420,0.0000,90.0000,0.0000,
17233711600,11.1735,-2.4270,0.0574,-0.4420,0.0000,90.0000,0.0000,
17247642800,11.1875,-2.4270,0.0574,-0.4420,0.0000,90.0000,0.0000,
17261424600,11.2012,-2.4270,0.0574,-0.4420,0.0000,90.0000,0.0000,
17275996200,11.2157,-2.4270,0.0574,-0.4420,0.0000,90.0000,0.0000,
17289559200,11.2294,-2.4270,0.0574,-0.4420,0.0000,90.0000,0.0000,
17303517800,11.2432,-2.4270,0.0574,-0.4420,0.0000,90.0000,0.0000,
17317582500,11.2573,-2.4270,0.0574,-0.4420,0.0000,90.0000,0.0000,
17333112600,11.2729,-2.4270,0.0574,-0.4420,0.0000,90.0000,0.0000,
17347306900,11.2872,-2.4270,0.0574,-0.4420,0.0000,90.0000,0.0000,
17361449800,11.3011,-2.4270,0.0574,-0.4420,0.0000,90.0000,0.0000,
17375347000,11.3151,-2.4270,0.0574,-0.4420,0.0000,90.0000,0.0000,
17388686600,11.3286,-2.4270,0.0574,-0.4420,0.0000,90.0000,0.0000,
17402177400,11.3419,-2.4270,0.0574,-0.4420,0.0000,90.0000,0.0000,
17415733400,11.3554,-2.4270,0.0574,-0.4420,0.0000,90.0000,0.0000,
17429661400,11.3696,-2.4270,0.0574,-0.4420,0.0000,90.0000,0.0000,
17443297400,11.3831,-2.4270,0.0574,-0.4420,0.0000,90.0000,0.0000,
17457108200,11.3969,-2.4270,0.0574,-0.4420,0.0000,90.0000,0.0000,
17471438300,11.4111,-2.4270,0.0574,-0.4420,0.0000,90.0000,0.0000,
17485036300,11.4249,-2.4270,0.0574,-0.4420,0.0000,90.0000,0.0000,
17498435100,11.4382,-2.4270,0.0574,-0.4420,0.0000,90.0000,0.0000,
17512272500,11.4520,-2.4270,0.0574,-0.4420,0.0000,90.0000,0.0000,
17526339000,11.4662,-2.4270,0.0574,-0.4420,0.0000,90.0000,0.0000,
17539898200,11.4797,-2.4270,0.0574,-0.4420,0.0000,90.0000,0.0000,
17554261500,11.4941,-2.4270,0.0574,-0.4420,0.0000,90.0000,0.0000,
17567625800,11.5075,-2.4270,0.0574,-0.4420,0.0000,90.0000,0.0000,
17582297300,11.5220,-2.4270,0.0574,-0.4420,0.0000,90.0000,0.0000,
17595615800,11.5354,-2.4270,0.0574,-0.4420,0.0000,90.0000,0.0000,
17609253100,11.5492,-2.4270,0.0574,-0.4420,0.0000,90.0000,0.0000,
17623315700,11.5631,-2.4270,0.0574,-0.4420,0.0000,90.0000,0.0000,
17637282600,11.5770,-2.4270,0.0574,-0.4420,0.0000,90.0000,0.0000,
17651050100,11.5908,-2.4270,0.0574,-0.4420,0.0000,90.0000,0.0000,
17665083800,11.6050,-2.4270,0.0574,-0.4420,0.0000,90.0000,0.0000,
17679496300,11.6193,-2.4270,0.0574,-0.4420,0.0000,90.0000,0.0000,
17693343900,11.6331,-2.4270,0.0574,-0.4420,0.0000,90.0000,0.0000,
17707586000,11.6475,-2.4270,0.0574,-0.4420,0.0000,90.0000,0.0000,
17721049300,11.6608,-2.4270,0.0574,-0.4420,0.0000,90.0000,0.0000,
17734877000,11.6747,-2.4270,0.0574,-0.4420,0.0000,90.0000,0.0000,
17748868300,11.6887,-2.4270,0.0574,-0.4420,0.0000,90.0000,0.0000,
17762677200,11.7025,-2.4270,0.0574,-0.4420,0.0000,90.0000,0.0000,
17776957000,11.7167,-2.4270,0.0574,-0.4420,0.0000,90.0000,0.0000,
17790847000,11.7306,-2.4270,0.0574,-0.4420,0.0000,90.0000,0.0000,
17804913900,11.7447,-2.4270,0.0574,-0.4420,0.0000,90.0000,0.0000,
17819331900,11.7591,-2.4270,0.0574,-0.4420,0.0000,90.0000,0.0000,
17833042200,11.7728,-2.4270,0.0574,-0.4420,0.0000,90.0000,0.0000,
17846518100,11.7864,-2.4270,0.0574,-0.4420,0.0000,90.0000,0.0000,
17860782700,11.8005,-2.4270,0.0574,-0.4420,0.0000,90.0000,0.0000,
17874529200,11.8143,-2.4270,0.0574,-0.4420,0.0000,90.0000,0.0000,
17888661100,11.8286,-2.4270,0.0574,-0.4420,0.0000,90.0000,0.0000,
17902624200,11.8424,-2.4270,0.0574,-0.4420,0.0000,90.0000,0.0000,
17916359100,11.8561,-2.4270,0.0574,-0.4420,0.0000,90.0000,0.0000,
17930307900,11.8701,-2.4270,0.0574,-0.4420,0.0000,90.0000,0.0000,
17943613800,11.8835,-2.4270,0.0574,-0.4420,0.0000,90.0000,0.0000,
17957172900,11.8970,-2.4270,0.0574,-0.4420,0.0000,90.0000,0.0000,
17971196100,11.9109,-2.4270,0.0574,-0.4420,0.0000,90.0000,0.0000,
17985592200,11.9255,-2.4270,0.0574,-0.4420,0.0000,90.0000,0.0000,
17998958600,11.9388,-2.4270,0.0574,-0.4420,0.0000,90.0000,0.0000,
18013129100,11.9529,-2.4270,0.0574,-0.4420,0.0000,90.0000,0.0000,
18026437200,11.9663,-2.4270,0.0574,-0.4420,0.0000,90.0000,0.0000,
18040557700,11.9802,-2.4270,0.0574,-0.4420,0.0000,90.0000,0.0000,
18054835600,11.9944,-2.4270,0.0574,-0.4420,0.0000,90.0000,0.0000,
18068838400,12.0086,-2.4270,0.0574,-0.4420,0.0000,90.0000,0.0000,
18083274800,12.0228,-2.4270,0.0574,-0.4420,0.0000,90.0000,0.0000,
18097169200,12.0368,-2.4270,0.0574,-0.4420,0.0000,90.0000,0.0000,
18110932200,12.0506,-2.4270,0.0574,-0.4420,0.0000,90.0000,0.0000,
18124499500,12.0642,-2.4270,0.0574,-0.4420,0.0000,90.0000,0.0000,
18138329800,12.0779,-2.4270,0.0574,-0.4420,0.0000,90.0000,0.0000,
18152406400,12.0920,-2.4270,0.0574,-0.4420,0.0000,90.0000,0.0000,
18166059600,12.1058,-2.4270,0.0574,-0.4420,0.0000,90.0000,0.0000,
18179995100,12.1196,-2.4270,0.0574,-0.4420,0.0000,90.0000,0.0000,
18193866100,12.1335,-2.4270,0.0574,-0.4420,0.0000,90.0000,0.0000,
18208190200,12.1480,-2.4270,0.0574,-0.4420,0.0000,90.0000,0.0000,
18222369300,12.1620,-2.4270,0.0574,-0.4420,0.0000,90.0000,0.0000,
18236371800,12.1760,-2.4270,0.0574,-0.4420,0.0000,90.0000,0.0000,
18250526700,12.1901,-2.4270,0.0574,-0.4420,0.0000,90.0000,0.0000,
18264232200,12.2040,-2.4270,0.0574,-0.4420,0.0000,90.0000,0.0000,
18278428400,12.2180,-2.4270,0.0574,-0.4420,0.0000,90.0000,0.0000,
18292700100,12.2323,-2.4270,0.0574,-0.4420,0.0000,90.0000,0.0000,
18306267700,12.2460,-2.4270,0.0574,-0.4420,0.0000,90.0000,0.0000,
18320141300,12.2598,-2.4270,0.0574,-0.4420,0.0000,90.0000,0.0000,
18334336700,12.2740,-2.4270,0.0574,-0.4420,0.0000,90.0000,0.0000,
18347478300,12.2873,-2.4270,0.0574,-0.4420,0.0000,90.0000,0.0000,
18361663500,12.3012,-2.4270,0.0574,-0.4420,0.0000,90.0000,0.0000,
18375884400,12.3155,-2.4270,0.0574,-0.4420,0.0000,90.0000,0.0000,
18389646500,12.3294,-2.4270,0.0574,-0.4420,0.0000,90.0000,0.0000,
18404109600,12.3437,-2.4270,0.0574,-0.4420,0.0000,90.0000,0.0000,
18418060200,12.3576,-2.4270,0.0574,-0.4420,0.0000,90.0000,0.0000,
18432150500,12.3718,-2.4270,0.0574,-0.4420,0.0000,90.0000,0.0000,
18445584100,12.3854,-2.4270,0.0574,-0.4420,0.0000,90.0000,0.0000,
18459588800,12.3992,-2.4270,0.0574,-0.4420,0.0000,90.0000,0.0000,
18473762300,12.4133,-2.1249,1.0481,-1.0592,45.9127,213.2376,44.0379,
18488175700,12.4279,-2.1249,1.0481,-1.0592,45.9127,213.2376,44.0379,
18502164400,12.4417,-2.1333,0.9969,-1.1128,40.7699,220.3742,59.3337,
18515811400,12.4554,-2.1392,0.9603,-1.1511,37.0829,223.5138,67.5892,
18529891300,12.4695,-2.1437,0.9329,-1.1798,34.7953,224.9629,72.0894,
18544069400,12.4836,-2.1613,0.9299,-1.1798,30.2315,220.7945,64.7069,
18557651400,12.4972,-2.1742,0.9249,-1.1828,26.3235,218.5866,60.7280,
18571739000,12.5112,-2.1869,0.9458,-1.1769,26.8052,218.5609,59.8850,
18585441500,12.5251,-2.1971,0.9581,-1.1753,26.7930,218.5510,59.5771,
18599882800,12.5394,-2.2057,0.9650,-1.1763,26.6247,218.5485,59.4552,
18613371200,12.5529,-2.2119,0.9746,-1.1716,26.7362,218.4553,59.4013,
18627036500,12.5668,-2.2180,0.9804,-1.1701,26.8100,218.3463,59.3632,
18641117500,12.5806,-2.2202,0.9873,-1.1656,28.3053,218.0366,58.1772,
18654831600,12.5944,-2.2234,0.9917,-1.1637,29.5625,217.7111,57.0793,
18668484600,12.6082,-2.2218,0.9927,-1.1610,31.8609,216.5749,55.3716,
18682269000,12.6219,-2.2218,0.9931,-1.1602,33.3521,215.6995,54.1356,
18696081000,12.6356,-2.2223,0.9933,-1.1600,34.2909,215.0565,53.2722,
18709422300,12.6492,-2.2217,0.9944,-1.1576,35.6784,215.2280,51.8405,
18723509500,12.6631,-2.2218,0.9954,-1.1559,36.7362,215.2736,50.6905,
18737992600,12.6775,-2.2224,0.9933,-1.1517,37.9855,214.0986,50.2000,
18751963200,12.6915,-2.2237,0.9916,-1.1484,39.0249,213.0927,49.6895,
18765575900,12.7053,-2.2225,0.9859,-1.1425,40.7900,210.0156,48.7551,
18779979500,12.7195,-2.2224,0.9818,-1.1385,42.2147,207.4545,47.8020,
18793911200,12.7335,-2.2230,0.9789,-1.1359,43.3191,205.4125,46.9194,
18807919700,12.7476,-2.2197,0.9719,-1.1302,45.6256,202.0342,45.9152,
18822387700,12.7620,-2.2179,0.9666,-1.1260,47.3611,199.2362,44.8454,
18836090200,12.7757,-2.2167,0.9603,-1.1203,49.7876,196.2302,42.9720,
18850028400,12.7897,-2.2163,0.9552,-1.1159,51.6146,193.5185,41.2178,
18864336200,12.8039,-2.2162,0.9508,-1.1123,53.0810,190.9832,39.5314,
18878103500,12.8177,-2.2149,0.9442,-1.1139,55.6069,191.2588,38.8708,
18892280600,12.8319,-2.2141,0.9387,-1.1145,57.7938,190.7520,37.8792,
18906394200,12.8461,-2.2151,0.9392,-1.1131,59.6137,188.3062,36.4282,
18920146000,12.8597,-2.2159,0.9392,-1.1119,61.2698,185.6781,34.6659,
18934358300,12.8739,-2.2167,0.9409,-1.1092,62.5507,184.2611,33.4989,
18948087400,12.8878,-2.2176,0.9421,-1.1062,63.7965,182.4590,32.0127,
18961849300,12.9014,-2.2185,0.9426,-1.1034,65.0475,180.2472,30.1701,
18975884800,12.9154,-2.2193,0.9449,-1.0984,65.0684,179.0965,29.6451,
18989708600,12.9294,-2.2201,0.9461,-1.0942,65.2722,177.6545,28.8107,
19004194900,12.9437,-2.2211,0.9509,-1.0896,65.3409,173.4939,26.5620,
19017767500,12.9574,-2.2219,0.9539,-1.0858,65.5528,169.2014,24.0414,
19031830700,12.9713,-2.2246,0.9579,-1.0836,64.8761,167.0397,23.8094,
19045568500,12.9853,-2.2265,0.9606,-1.0814,64.5111,164.7709,23.1620,
19059901200,12.9994,-2.2281,0.9625,-1.0793,64.3304,162.4576,22.2587,
19073752800,13.0133,-2.2323,0.9655,-1.0798,64.2801,162.1781,22.0058,
19087779700,13.0274,-2.2357,0.9679,-1.0796,64.2731,161.7412,21.6800,
19101637000,13.0412,-2.2390,0.9680,-1.0796,64.2550,161.7977,21.7197,
19115701000,13.0553,-2.2418,0.9682,-1.0792,64.2404,161.8082,21.7305,
