timeStampNs,gameTime,objectName,posX,posY,posZ,
952826800,0.0000,StartBarrier,-2.4270,0.0574,0.2359,
977478000,0.0000,StartBarrier,-2.4270,0.0574,0.2359,
1026945200,0.0000,StartBarrier,-2.4270,0.0574,0.2359,
1038252700,0.0000,StartBarrier,-2.4270,0.0574,0.2359,
1052146000,0.0000,StartBarrier,-2.4270,0.0574,0.2359,
1065771100,0.0000,StartBarrier,-2.4270,0.0574,0.2359,
1079807900,0.0000,StartBarrier,-2.4270,0.0574,0.2359,
1093996400,0.0000,StartBarrier,-2.4270,0.0574,0.2359,
1107801000,0.0000,StartBarrier,-2.4270,0.0574,0.2359,
1121181900,0.0000,StartBarrier,-2.4270,0.0574,0.2359,
1135617400,0.0000,StartBarrier,-2.4270,0.0574,0.2359,
1149215500,0.0000,StartBarrier,-2.4270,0.0574,0.2359,
1163148300,0.0000,StartBarrier,-2.4270,0.0574,0.2359,
1177217300,0.0000,StartBarrier,-2.4270,0.0574,0.2359,
1188605500,0.0000,StartBarrier,-2.4270,0.0574,0.2359,
1202007500,0.0000,StartBarrier,-2.4270,0.0574,0.2359,
1218991100,0.0000,StartBarrier,-2.4270,0.0574,0.2359,
1233109800,0.0000,StartBarrier,-2.4270,0.0574,0.2359,
1246742100,0.0000,StartBarrier,-2.4270,0.0574,0.2359,
1260862500,0.0000,StartBarrier,-2.4270,0.0574,0.2359,
1275129700,0.0000,StartBarrier,-2.4270,0.0574,0.2359,
1288498000,0.0000,StartBarrier,-2.4270,0.0574,0.2359,
1302294000,0.0000,StartBarrier,-2.4270,0.0574,0.2359,
1316673400,0.0000,StartBarrier,-2.4270,0.0574,0.2359,
1330765900,0.0000,StartBarrier,-2.4270,0.0574,0.2359,
1344257400,0.0000,StartBarrier,-2.4270,0.0574,0.2359,
1358614700,0.0000,StartBarrier,-2.4270,0.0574,0.2359,
1371891300,0.0000,StartBarrier,-2.4270,0.0574,0.2359,
1385950000,0.0000,StartBarrier,-2.4270,0.0574,0.2359,
1399964200,0.0000,StartBarrier,-2.4270,0.0574,0.2359,
1413751900,0.0000,StartBarrier,-2.4270,0.0574,0.2359,
1427725700,0.0000,StartBarrier,-1.2510,0.0574,-0.4420,
1441506400,0.0000,StartBarrier,-1.2510,0.0574,-0.4420,
1455563600,0.0000,StartBarrier,-1.2510,0.0574,-0.4420,
1469487100,0.0000,StartBarrier,-1.2510,0.0574,-0.4420,
1483367700,0.0000,StartBarrier,-1.2510,0.0574,-0.4420,
1497165600,0.0000,StartBarrier,-1.2510,0.0574,-0.4420,
1511551000,0.0000,StartBarrier,-1.2510,0.0574,-0.4420,
1525033200,0.0000,StartBarrier,-1.2510,0.0574,-0.4420,
1539113500,0.0000,StartBarrier,-1.2510,0.0574,-0.4420,
1552883400,0.0000,StartBarrier,-1.2510,0.0574,-0.4420,
1566847400,0.0000,StartBarrier,-1.2510,0.0574,-0.4420,
1580886400,0.0000,StartBarrier,-1.2510,0.0574,-0.4420,
1594917300,0.0000,StartBarrier,-1.2510,0.0574,-0.4420,
1608628600,0.0000,StartBarrier,-1.2510,0.0574,-0.4420,
1622480100,0.0000,StartBarrier,-1.2510,0.0574,-0.4420,
1636744800,0.0000,StartBarrier,-1.2510,0.0574,-0.4420,
1650546100,0.0000,StartBarrier,-1.2510,0.0574,-0.4420,
1664331600,0.0000,StartBarrier,-1.2510,0.0574,-0.4420,
1678327900,0.0000,StartBarrier,-1.2510,0.0574,-0.4420,
1692347600,0.0000,StartBarrier,-1.2510,0.0574,-0.4420,
1705997900,0.0000,StartBarrier,-1.2510,0.0574,-0.4420,
1720182300,0.0000,StartBarrier,-1.2510,0.0574,-0.4420,
1740295400,0.0000,StartBarrier,-1.2510,0.0574,-0.4420,
1778740100,0.0000,Instructions,-1.2675,1.4294,-0.2432,
1806762000,0.0000,Instructions,-1.2675,1.4308,-0.2425,
1829519300,0.0000,Instructions,-1.2675,1.4392,-0.2414,
1949552300,0.0000,Instructions,-1.2675,1.4418,-0.2466,
1992231900,0.0000,Instructions,-1.2675,1.4558,-0.2388,
2020761100,0.0000,Instructions,-1.2675,1.4489,-0.2355,
2047569300,0.0000,Instructions,-1.2675,1.4340,-0.2408,
2076822600,0.0000,Instructions,-1.2675,1.4347,-0.2504,
2105236200,0.0000,Instructions,-1.2675,1.4343,-0.2515,
2121935800,0.0000,Instructions,-1.2675,1.4337,-0.2531,
2147681700,0.0000,Instructions,-1.2675,1.4345,-0.2554,
2162325100,0.0000,Instructions,-1.2675,1.4348,-0.2565,
2175627600,0.0000,Instructions,-1.2675,1.4345,-0.2569,
2189115500,0.0000,Instructions,-1.2675,1.4337,-0.2570,
2202219900,0.0000,Instructions,-1.2675,1.4326,-0.2575,
2216058300,0.0000,Instructions,-1.2675,1.4302,-0.2572,
2229871500,0.0000,Instructions,-1.2675,1.4306,-0.2570,
2243506400,0.0000,Instructions,-1.2675,1.4292,-0.2564,
2257843800,0.0000,Instructions,-1.2675,1.4288,-0.2562,
2271737700,0.0000,Instructions,-1.2675,1.4274,-0.2560,
2285482000,0.0000,Instructions,-1.2675,1.4238,-0.2553,
2299642200,0.0000,Instructions,-1.2675,1.4222,-0.2550,
2313334400,0.0000,StartBarrier,-1.2510,1.3595,-0.3166,
2327667000,0.0000,StartBarrier,-1.2510,1.3599,-0.3171,
2341228900,0.0000,StartBarrier,-1.2510,1.3597,-0.3184,
2355431800,0.0000,StartButton,-1.2923,1.3037,-0.3893,
2369818700,0.0000,StartButton,-1.2923,1.3020,-0.3912,
2383245200,0.0000,StartButton,-1.2923,1.2967,-0.4023,
2397362500,0.0000,StartButton,-1.2923,1.2950,-0.4036,
2411230900,0.0000,StartButton,-1.2923,1.2987,-0.4052,
2425012100,0.0000,StartButton,-1.2923,1.2990,-0.4070,
2439213700,0.0000,StartButton,-1.2923,1.2996,-0.4092,
2453061900,0.0000,StartButton,-1.2923,1.3015,-0.4122,
2466996000,0.0000,StartButton,-1.2923,1.3010,-0.4151,
2480947900,0.0000,StartButton,-1.2923,1.2994,-0.4209,
2495002100,0.0000,StartButton,-1.2923,1.2980,-0.4241,
2509311400,0.0000,StartButton,-1.2923,1.2984,-0.4270,
2522807400,0.0000,StartButton,-1.2923,1.2633,-0.5110,
2536880200,0.0000,StartButton,-1.2923,1.2652,-0.5135,
2551080500,0.0000,StartButton,-1.2923,1.2606,-0.5163,
2565086300,0.0000,StartButton,-1.2923,1.2591,-0.5185,
2579132100,0.0000,StartButton,-1.2923,1.2540,-0.5177,
2592758300,0.0000,StartButton,-1.2923,1.2533,-0.5194,
2607312000,0.0000,StartButton,-1.2923,1.2551,-0.5199,
2621300800,0.0000,StartButton,-1.2923,1.2576,-0.5103,
2634678600,0.0000,StartButton,-1.2923,1.2631,-0.5107,
2649047300,0.0000,StartButton,-1.2923,1.2683,-0.5101,
2662825400,0.0000,StartButton,-1.2923,1.2811,-0.5114,
2676866000,0.0000,StartButton,-1.2923,1.2945,-0.5134,
2690899300,0.0000,StartButton,-1.2923,1.3011,-0.5114,
2705139200,0.0000,StartButton,-1.2870,1.3053,-0.5135,
2719058700,0.0000,StartButton,-1.2879,1.3053,-0.5140,
2732447700,0.0000,StartButton,-1.2923,1.3043,-0.5142,
2746415900,0.0000,StartButton,-1.2923,1.2811,-0.5033,
2760551200,0.0000,StartButton,-1.2923,1.2738,-0.5037,
2774956800,0.0000,StartButton,-1.2923,1.2693,-0.5034,
2788653300,0.0000,StartButton,-1.2923,1.2559,-0.4959,
2802186900,0.0000,StartButton,-1.2923,1.2561,-0.4941,
2816751700,0.0000,StartButton,-1.2923,1.2540,-0.4858,
2830361200,0.0000,StartButton,-1.2923,1.2546,-0.4830,
2844052500,0.0000,StartButton,-1.2923,1.2532,-0.4796,
2858102700,0.0000,StartButton,-1.2923,1.2494,-0.4768,
2872538200,0.0000,StartButton,-1.2923,1.2426,-0.4754,
2886465400,0.0000,StartButton,-1.2923,1.2406,-0.4738,
2899713500,0.0000,StartButton,-1.2923,1.2269,-0.4737,
2914743800,0.0000,StartButton,-1.2923,1.2668,-0.4071,
2928731300,0.0000,StartButton,-1.2923,1.2548,-0.4058,
2941706600,0.0000,StartButton,-1.2923,1.2460,-0.4034,
2955286800,0.0000,StartButton,-1.2923,1.2522,-0.4008,
2969473100,0.0000,StartButton,-1.2923,1.2468,-0.4000,
2983420800,0.0000,StartButton,-1.2923,1.2402,-0.4277,
2997671500,0.0000,StartButton,-1.2923,1.2323,-0.4288,
3011298200,0.0000,StartButton,-1.2923,1.2272,-0.4326,
3025190200,0.0000,StartButton,-1.2923,1.2017,-0.4706,
3040703200,0.0000,StartButton,-1.2923,1.1993,-0.4736,
3053596900,0.0000,StartButton,-1.2923,1.1913,-0.4974,
3066907000,0.0000,StartButton,-1.2923,1.1779,-0.5002,
3081347000,0.0000,StartButton,-1.2923,1.1860,-0.5016,
3094204100,0.0000,StartButton,-1.2923,1.1670,-0.5037,
3108070400,0.0000,StartButton,-1.2923,1.1511,-0.5056,
3121711300,0.0000,StartButton,-1.2923,1.1499,-0.5019,
3135893000,0.0000,StartButton,-1.2923,1.1432,-0.5024,
3150028300,0.0000,StartButton,-1.2923,1.1648,-0.5011,
3163673900,0.0000,StartButton,-1.2923,1.1665,-0.5008,
3177363200,0.0000,StartButton,-1.2923,1.1772,-0.5000,
3191813800,0.0000,StartButton,-1.2923,1.2132,-0.4944,
3205342200,0.0000,StartButton,-1.2923,1.2208,-0.4955,
3219137600,0.0000,StartButton,-1.2923,1.2516,-0.4963,
3232615500,0.0000,StartButton,-1.2923,1.2564,-0.4977,
3246785300,0.0000,StartButton,-1.2923,1.2684,-0.4982,
3260991100,0.0000,StartButton,-1.2923,1.2681,-0.5012,
3274712000,0.0000,StartButton,-1.2923,1.2657,-0.5070,
3288487500,0.0000,StartButton,-1.2923,1.2648,-0.5081,
3302372200,0.0000,StartButton,-1.2923,1.2637,-0.5139,
3315895700,0.0000,StartButton,-1.2923,1.2490,-0.5116,
3330053200,0.0000,StartButton,-1.2923,1.2451,-0.5164,
3343755200,0.0000,StartButton,-1.2923,1.2406,-0.5218,
3357489700,0.0000,StartButton,-1.2923,1.2364,-0.5232,
3371562700,0.0000,StartButton,-1.2923,1.2364,-0.5265,
3385178200,0.0000,StartButton,-1.2923,1.2430,-0.5169,
3398748200,0.0000,StartButton,-1.2923,1.2461,-0.5189,
3412672100,0.0000,StartButton,-1.2923,1.2609,-0.5113,
3426794900,0.0000,StartButton,-1.2923,1.2693,-0.5123,
3440989100,0.0000,StartButton,-1.2923,1.2774,-0.5131,
3454754700,0.0000,StartButton,-1.2923,1.2791,-0.5031,
3468739700,0.0000,StartButton,-1.2923,1.2873,-0.5041,
3483056800,0.0000,StartButton,-1.2923,1.2888,-0.4981,
3496587000,0.0000,StartButton,-1.2923,1.2957,-0.4985,
3510247500,0.0000,StartButton,-1.2786,1.3053,-0.4999,
3524245900,0.0000,StartBarrier,-1.2510,1.3072,-0.4951,
3538603300,0.0000,StartBarrier,-1.2510,1.3195,-0.4933,
3552981300,0.0000,StartBarrier,-1.2510,1.3138,-0.4919,
3565407500,0.0000,StartBarrier,-1.2510,1.3209,-0.4911,
3579499100,0.0000,StartBarrier,-1.2510,1.3094,-0.4893,
3593453000,0.0000,StartBarrier,-1.2510,1.3138,-0.4894,
3608148500,0.0000,StartBarrier,-1.2510,1.3177,-0.4890,
3620938200,0.0000,StartBarrier,-1.2510,1.3018,-0.4862,
3636237300,0.0000,StartBarrier,-1.2510,1.3057,-0.4865,
3649532600,0.0000,StartButton,-1.2885,1.3053,-0.4782,
3663680900,0.0000,StartButton,-1.2789,1.3053,-0.4800,
3677281800,0.0000,StartButton,-1.2723,1.3053,-0.4818,
3691266900,0.0000,StartButton,-1.2923,1.3012,-0.4746,
3704884100,0.0000,StartButton,-1.2923,1.3034,-0.4729,
3719049800,0.0000,StartButton,-1.2923,1.2886,-0.4690,
3732978000,0.0000,StartButton,-1.2923,1.2921,-0.4658,
3746488300,0.0000,StartButton,-1.2923,1.2881,-0.4612,
3760941000,0.0000,StartButton,-1.2923,1.2945,-0.4555,
3774766000,0.0000,StartButton,-1.2923,1.3010,-0.4487,
3788851600,0.0000,StartButton,-1.2923,1.2883,-0.4434,
3802504400,0.0000,StartButton,-1.2923,1.2936,-0.4382,
3816817800,0.0000,StartButton,-1.2923,1.2902,-0.4372,
3830756900,0.0000,StartButton,-1.2923,1.2988,-0.4335,
3844393100,0.0000,StartButton,-1.2906,1.3053,-0.4309,
3858791500,0.0000,StartButton,-1.2923,1.3034,-0.4331,
3873206700,0.0000,StartButton,-1.2878,1.3053,-0.4301,
3887445300,0.0000,StartButton,-1.2820,1.3053,-0.4332,
3901178500,0.0000,StartButton,-1.2751,1.3053,-0.4309,
3915166500,0.0000,Podium,0.2109,0.3316,-0.5461,
3928905500,0.0137,Podium,0.2109,0.3346,-0.5398,
3942386800,0.0273,Podium,0.2109,0.3335,-0.5339,
3956129000,0.0410,Podium,0.2109,0.3223,-0.5725,
3969981400,0.0548,Podium,0.2109,0.3176,-0.5692,
3984255600,0.0692,Podium,0.2109,0.2704,-0.5857,
3997852200,0.0826,Podium,0.2109,0.2664,-0.5816,
4012868100,0.0977,Podium,0.2109,0.2692,-0.5782,
4023946600,0.1090,Podium,0.2109,0.2569,-0.5938,
4037487600,0.1223,Podium,0.2109,0.2744,-0.5882,
4051538300,0.1363,Podium,0.2109,0.2626,-0.5851,
4064474600,0.1495,Podium,0.2109,0.2742,-0.5786,
4079006500,0.1638,Podium,0.2109,0.2548,-0.5866,
4092587700,0.1774,Podium,0.2109,0.2538,-0.5839,
4105931100,0.1909,Podium,0.2109,0.2540,-0.5809,
4120517900,0.2054,Podium,0.2109,0.2201,-0.5807,
4134204600,0.2190,Podium,0.2109,0.2208,-0.5768,
4147781300,0.2327,Podium,0.2109,0.2207,-0.5738,
4161406200,0.2463,Podium,0.2109,0.2236,-0.5696,
4175840300,0.2606,Podium,0.2109,0.2246,-0.5647,
4189371800,0.2742,Podium,0.2109,0.7014,-0.2835,
4205122200,0.2900,Podium,0.2109,0.6970,-0.2731,
4217473500,0.3022,MenuBoard,0.3336,1.0579,0.0694,
4231829100,0.3167,MenuBoard,0.3325,1.0579,0.0817,
4246199100,0.3311,MenuBoard,0.3428,1.0579,0.0951,
4259274000,0.3441,MenuBoard,0.3190,1.0579,0.1041,
4272891900,0.3577,MenuBoard,0.2963,1.0579,0.1128,
4286796500,0.3718,MenuBoard,0.2930,1.0579,0.1189,
4300808700,0.3856,MenuBoard,0.2948,1.0579,0.1343,
4314472400,0.3993,MenuBoard,0.2930,1.0579,0.1340,
4328465600,0.4132,MenuBoard,0.2648,1.0579,0.1423,
4342597600,0.4276,MenuBoard,0.2371,1.0558,0.1534,
4356638100,0.4414,MenuBoard,0.2480,1.0450,0.1289,
4370552400,0.4554,MenuBoard,0.2403,1.0384,0.1463,
4384979800,0.4699,MenuBoard,0.2318,1.0320,0.1653,
4398430400,0.4833,MenuBoard,0.2229,1.0246,0.1852,
4412283600,0.4972,MenuBoard,0.1589,0.9388,0.3288,
4427274800,0.5123,MenuBoard,0.1462,0.9145,0.3574,
4440663400,0.5254,MenuBoard,0.1334,0.8920,0.3862,
4454164600,0.5390,MenuBoard,0.1206,0.8745,0.4147,
4469035900,0.5539,MenuBoard,0.1080,0.8731,0.4431,
4481749000,0.5668,MenuBoard,0.1154,0.8864,0.4264,
4495890700,0.5807,MenuBoard,0.1062,0.9008,0.4471,
4510221200,0.5950,MenuBoard,0.0990,0.9051,0.4633,
4523671500,0.6087,MenuBoard,0.1092,0.9203,0.4404,
4538004300,0.6229,MenuBoard,0.1039,0.8988,0.4523,
4551689600,0.6365,MenuBoard,0.1292,0.8851,0.3955,
4565182100,0.6503,MenuBoard,0.1277,0.8467,0.3989,
4579422900,0.6643,MenuBoard,0.1521,0.7969,0.3441,
4593062100,0.6780,MenuBoard,0.1547,0.7560,0.3384,
4607224900,0.6922,MenuBoard,0.1597,0.7124,0.3270,
4621524400,0.7064,MenuBoard,0.2195,0.4976,0.1929,
4635970100,0.7209,MenuBoard,0.2270,0.4705,0.1762,
4648529100,0.7335,Floor_Podium,-0.1086,0.0574,-0.1790,
4662316400,0.7473,Floor_Podium,-0.1181,0.0574,-0.1929,
4676507700,0.7614,Floor_Podium,-0.1146,0.0574,-0.2067,
4690310300,0.7753,WelcomeMat,-0.5283,0.0579,-0.2693,
4704142800,0.7893,WelcomeMat,-0.5310,0.0579,-0.2785,
4718162900,0.8032,WelcomeMat,-0.5347,0.0579,-0.2876,
4732667000,0.8177,WelcomeMat,-0.5331,0.0579,-0.3009,
4746002300,0.8312,WelcomeMat,-0.5219,0.0579,-0.3123,
4761635900,0.8467,WelcomeMat,-0.5356,0.0579,-0.3304,
4774591100,0.8596,WelcomeMat,-0.5563,0.0579,-0.3504,
4788036400,0.8731,WelcomeMat,-0.5631,0.0579,-0.3574,
4802070900,0.8873,WelcomeMat,-0.5961,0.0579,-0.3697,
4815797900,0.9009,WelcomeMat,-0.6158,0.0579,-0.3429,
4830035300,0.9150,WelcomeMat,-0.6276,0.0579,-0.3446,
4843471000,0.9287,WelcomeMat,-0.6264,0.0579,-0.3443,
4857935500,0.9430,WelcomeMat,-0.6048,0.0579,-0.3318,
4871526200,0.9566,WelcomeMat,-0.5833,0.0579,-0.3332,
4885458400,0.9706,WelcomeMat,-0.4910,0.0579,-0.3099,
4900099800,0.9852,WelcomeMat,-0.4572,0.0579,-0.3114,
4913570900,0.9987,WelcomeMat,-0.4199,0.0579,-0.2941,
4927405700,1.0125,WelcomeMat,-0.3865,0.0579,-0.2970,
4942279000,1.0274,WelcomeMat,-0.3699,0.0579,-0.3010,
4955526200,1.0406,WelcomeMat,-0.3665,0.0579,-0.2825,
4970080000,1.0551,WelcomeMat,-0.3741,0.0579,-0.2916,
4983191100,1.0684,WelcomeMat,-0.4515,0.0579,-0.2938,
4997671500,1.0827,WelcomeMat,-0.4715,0.0579,-0.3028,
5011189800,1.0963,WelcomeMat,-0.4890,0.0579,-0.3106,
5025676500,1.1109,WelcomeMat,-0.5107,0.0579,-0.2714,
5039397400,1.1245,WelcomeMat,-0.5148,0.0579,-0.2766,
5053284900,1.1383,WelcomeMat,-0.5057,0.0579,-0.2536,
5066836500,1.1520,WelcomeMat,-0.4827,0.0579,-0.2557,
5081141700,1.1662,WelcomeMat,-0.4493,0.0579,-0.2523,
5095097500,1.1801,WelcomeMat,-0.4298,0.0579,-0.2522,
5108991000,1.1940,WelcomeMat,-0.4102,0.0579,-0.2482,
5123036100,1.2082,WelcomeMat,-0.3969,0.0579,-0.2441,
5136940900,1.2220,WelcomeMat,-0.3823,0.0579,-0.2407,
5150941000,1.2360,WelcomeMat,-0.3944,0.0579,-0.2308,
5164889200,1.2500,WelcomeMat,-0.3714,0.0579,-0.2302,
5179501700,1.2645,WelcomeMat,-0.3421,0.0579,-0.2288,
5192764200,1.2778,Floor_Entrance,-0.3144,0.0574,-0.2217,
5206792100,1.2920,Floor_Entrance,-0.2623,0.0574,-0.2181,
5220803600,1.3058,Floor_Entrance,-0.2818,0.0574,-0.2166,
5234678300,1.3198,Floor_Entrance,-0.2515,0.0574,-0.2136,
5248524200,1.3336,Floor_Entrance,-0.2590,0.0574,-0.2252,
5262290600,1.3475,Floor_Entrance,-0.2020,0.0574,-0.2094,
5276464600,1.3614,Floor_Podium,-0.1534,0.0574,-0.2047,
5291053200,1.3761,Floor_Podium,-0.1208,0.0574,-0.1970,
5304164600,1.3894,Floor_Podium,-0.0683,0.0574,-0.1884,
5318360600,1.4034,Floor_Podium,-0.0224,0.0574,-0.1629,
5332183200,1.4172,Floor_Podium,0.0378,0.0574,-0.1542,
5346002100,1.4312,Floor_Podium,0.0826,0.0574,-0.1510,
5360000400,1.4451,Podium,0.2109,0.3776,-0.1352,
5373922800,1.4590,Podium,0.2109,0.3951,-0.1383,
5387960000,1.4730,Podium,0.2109,1.0693,-0.1540,
5401801900,1.4870,Podium,0.2109,1.0697,-0.1609,
5415772400,1.5009,FemaleHostess20s,1.0396,1.1706,-0.2475,
5429610600,1.5147,FemaleHostess20s,1.0317,1.1688,-0.2621,
5443879200,1.5287,FemaleHostess20s,1.0296,1.1717,-0.2665,
5457364000,1.5424,FemaleHostess20s,1.0242,1.3964,-0.2800,
5471171100,1.5563,FemaleHostess20s,1.0258,1.4026,-0.2759,
5484928200,1.5701,FemaleHostess20s,1.0263,1.4087,-0.2746,
5499152400,1.5841,FemaleHostess20s,1.0264,1.4194,-0.2745,
5513061100,1.5981,FemaleHostess20s,1.0290,1.4335,-0.2685,
5526809400,1.6120,FemaleHostess20s,1.0312,1.4228,-0.2636,
5540667500,1.6258,FemaleHostess20s,1.0370,1.4358,-0.2527,
5554544700,1.6395,FemaleHostess20s,1.0448,1.4124,-0.2400,
5568017100,1.6531,FemaleHostess20s,1.0453,1.4239,-0.2393,
5581721300,1.6669,FemaleHostess20s,1.0426,1.4309,-0.2435,
5595801900,1.6809,FemaleHostess20s,1.0395,1.4460,-0.2487,
5610398200,1.6954,FemaleHostess20s,1.0379,1.4613,-0.2515,
5623716300,1.7089,FemaleHostess20s,1.0358,1.4749,-0.2552,
5637426800,1.7225,FemaleHostess20s,1.0346,1.4864,-0.2576,
5651733500,1.7368,FemaleHostess20s,1.0184,1.6468,-0.3434,
5665246700,1.7504,FemaleHostess20s,1.0213,1.6574,-0.3515,
5679170300,1.7642,FemaleHostess20s,1.0260,1.6702,-0.3571,
5693421900,1.7785,FemaleHostess20s,1.0320,1.6844,-0.3565,
5707537400,1.7926,FemaleHostess20s,1.0387,1.6973,-0.3545,
5721195300,1.8063,FemaleHostess20s,1.0397,1.6981,-0.3612,
5735260400,1.8203,FemaleHostess20s,1.0461,1.7068,-0.3687,
5749555300,1.8346,FemaleHostess20s,1.0341,1.6845,-0.3734,
5762921000,1.8481,FemaleHostess20s,1.0387,1.6915,-0.3791,
5777049600,1.8620,FemaleHostess20s,1.0415,1.6934,-0.3867,
5790853000,1.8759,FemaleHostess20s,1.0283,1.6621,-0.3898,
5804504400,1.8896,FemaleHostess20s,1.0337,1.6699,-0.3989,
5819215400,1.9041,FemaleHostess20s,1.0376,1.6748,-0.4041,
5833348500,1.9182,FemaleHostess20s,1.0499,1.6895,-0.4165,
5847713700,1.9326,FemaleHostess20s,1.0656,1.7038,-0.4285,
5860711400,1.9458,FemaleHostess20s,1.0474,1.6755,-0.4262,
5874372400,1.9593,FemaleHostess20s,1.0568,1.6794,-0.4391,
5888216600,1.9731,FemaleHostess20s,1.0457,1.6594,-0.4352,
5904839300,1.9898,FemaleHostess20s,1.0526,1.6608,-0.4456,
5920636300,2.0054,FemaleHostess20s,1.0481,1.6485,-0.4451,
5936357900,2.0213,FemaleHostess20s,1.0566,1.6589,-0.4523,
5951048200,2.0359,FemaleHostess20s,1.0353,1.6322,-0.4294,
5965844800,2.0509,FemaleHostess20s,1.0372,1.6365,-0.4316,
5980808000,2.0657,FemaleHostess20s,1.0281,1.6357,-0.4114,
5995289100,2.0802,FemaleHostess20s,1.0298,1.6400,-0.4137,
6010444700,2.0953,FemaleHostess20s,1.0313,1.6412,-0.4167,
6024307600,2.1094,FemaleHostess20s,1.0269,1.6275,-0.4120,
6039261700,2.1242,FemaleHostess20s,1.0298,1.6402,-0.4135,
6053246800,2.1382,FemaleHostess20s,1.0241,1.6372,-0.3989,
6067900400,2.1528,FemaleHostess20s,1.0267,1.6484,-0.3991,
6081626300,2.1667,FemaleHostess20s,1.0220,1.6464,-0.3826,
6095834600,2.1807,FemaleHostess20s,1.0222,1.6485,-0.3807,
6110022700,2.1950,FemaleHostess20s,1.0242,1.6563,-0.3802,
6124175300,2.2091,FemaleHostess20s,1.0203,1.6492,-0.3678,
6138404900,2.2233,FemaleHostess20s,1.0241,1.6616,-0.3689,
6152044700,2.2369,FemaleHostess20s,1.0202,1.6524,-0.3580,
6165719900,2.2508,FemaleHostess20s,1.0225,1.6604,-0.3562,
6179560600,2.2644,FemaleHostess20s,1.0254,1.6689,-0.3560,
6193583500,2.2785,FemaleHostess20s,1.0228,1.6620,-0.3511,
6206948600,2.2920,FemaleHostess20s,1.0259,1.6706,-0.3519,
6221245500,2.3062,FemaleHostess20s,1.0269,1.6727,-0.3564,
6234827300,2.3197,FemaleHostess20s,1.0295,1.6786,-0.3579,
6248923400,2.3339,FemaleHostess20s,1.0205,1.6504,-0.3666,
6262846700,2.3479,FemaleHostess20s,1.0224,1.6540,-0.3734,
6277302100,2.3622,FemaleHostess20s,1.0247,1.6580,-0.3797,
6290666300,2.3755,FemaleHostess20s,1.0245,1.6553,-0.3831,
6306303600,2.3915,FemaleHostess20s,1.0266,1.6601,-0.3855,
6322752700,2.4078,FemaleHostess20s,1.0253,1.6501,-0.3923,
6338228000,2.4233,FemaleHostess20s,1.0276,1.6535,-0.3972,
6353617700,2.4386,FemaleHostess20s,1.0230,1.6274,-0.4007,
6368373600,2.4535,FemaleHostess20s,1.0250,1.6267,-0.4070,
6383203100,2.4684,FemaleHostess20s,1.0247,1.6222,-0.4078,
6397949400,2.4830,FemaleHostess20s,1.0270,1.6229,-0.4138,
6412689100,2.4977,FemaleHostess20s,1.0242,1.6091,-0.4092,
6426335000,2.5115,FemaleHostess20s,1.0254,1.6072,-0.4126,
6441129300,2.5262,FemaleHostess20s,1.0259,1.6042,-0.4141,
6455570200,2.5407,FemaleHostess20s,1.0215,1.5986,-0.4013,
6469370700,2.5544,FemaleHostess20s,1.0212,1.5942,-0.4005,
6483209100,2.5684,FemaleHostess20s,1.0174,1.5885,-0.3855,
6497569500,2.5827,FemaleHostess20s,1.0167,1.5849,-0.3823,
6511423200,2.5965,FemaleHostess20s,1.0156,1.5831,-0.3764,
6525359900,2.6105,FemaleHostess20s,1.0134,1.5820,-0.3567,
6540207000,2.6253,FemaleHostess20s,1.0131,1.5827,-0.3505,
6553716200,2.6388,FemaleHostess20s,1.0132,1.5784,-0.3372,
6567652800,2.6528,FemaleHostess20s,1.0137,1.5822,-0.3304,
6581774800,2.6669,FemaleHostess20s,1.0143,1.5877,-0.3240,
6595807300,2.6809,FemaleHostess20s,1.0149,1.5915,-0.3193,
6609306400,2.6944,FemaleHostess20s,1.0160,1.5954,-0.3120,
6623426000,2.7086,FemaleHostess20s,1.0148,1.6091,-0.3210,
6637617900,2.7226,FemaleHostess20s,1.0161,1.6128,-0.3134,
6651115100,2.7362,FemaleHostess20s,1.0155,1.6176,-0.3191,
6665217300,2.7504,FemaleHostess20s,1.0169,1.6207,-0.3122,
6681312800,2.7664,FemaleHostess20s,1.0190,1.6218,-0.3025,
6696968300,2.7820,FemaleHostess20s,1.0219,1.6245,-0.2927,
6712855800,2.7979,FemaleHostess20s,1.0248,1.6204,-0.2821,
6728018200,2.8131,FemaleHostess20s,1.0225,1.6100,-0.2867,
6743067100,2.8283,FemaleHostess20s,1.0213,1.5869,-0.2901,
6758489900,2.8435,FemaleHostess20s,1.0248,1.5791,-0.2797,
6772759800,2.8578,FemaleHostess20s,1.0295,1.5728,-0.2680,
6787080600,2.8723,FemaleHostess20s,1.0264,1.5704,-0.2754,
6801951100,2.8870,FemaleHostess20s,1.0312,1.5675,-0.2644,
6816282100,2.9013,FemaleHostess20s,1.0296,1.5811,-0.2678,
6830303400,2.9154,FemaleHostess20s,1.0339,1.5762,-0.2589,
6844451500,2.9297,FemaleHostess20s,1.0394,1.5682,-0.2489,
6858754100,2.9438,FemaleHostess20s,1.0288,1.5763,-0.2698,
6872887500,2.9579,FemaleHostess20s,1.0324,1.5729,-0.2618,
6886674600,2.9719,FemaleHostess20s,1.0266,1.5749,-0.2749,
6900874300,2.9860,FemaleHostess20s,1.0314,1.5781,-0.2640,
6915288300,3.0004,FemaleHostess20s,1.0255,1.5980,-0.2777,
6929037000,3.0141,FemaleHostess20s,1.0295,1.6080,-0.2684,
6943050400,3.0283,FemaleHostess20s,1.0348,1.6112,-0.2576,
6957136200,3.0422,FemaleHostess20s,1.0284,1.6243,-0.2738,
6970906000,3.0560,FemaleHostess20s,1.0336,1.6312,-0.2645,
6984782200,3.0699,FemaleHostess20s,1.0229,1.6285,-0.2909,
6998824100,3.0839,FemaleHostess20s,1.0221,1.6206,-0.2903,
7012707800,3.0978,FemaleHostess20s,1.0213,1.6088,-0.2903,
7026632800,3.1118,FemaleHostess20s,1.0145,1.5990,-0.3220,
7042755500,3.1278,FemaleHostess20s,1.0144,1.5916,-0.3225,
7058532200,3.1436,FemaleHostess20s,1.0145,1.5825,-0.3219,
7074053000,3.1592,FemaleHostess20s,1.0149,1.5813,-0.3191,
7089550600,3.1746,FemaleHostess20s,1.0133,1.5874,-0.3360,
7105205900,3.1903,FemaleHostess20s,1.0135,1.5914,-0.3321,
7119736800,3.2048,FemaleHostess20s,1.0131,1.5962,-0.3419,
7134665700,3.2197,FemaleHostess20s,1.0131,1.5946,-0.3408,
7148727300,3.2338,FemaleHostess20s,1.0131,1.5969,-0.3448,
7163398200,3.2485,FemaleHostess20s,1.0131,1.5916,-0.3449,
7177629600,3.2627,FemaleHostess20s,1.0131,1.5896,-0.3453,
7191451100,3.2766,FemaleHostess20s,1.0132,1.5920,-0.3512,
7205625100,3.2908,FemaleHostess20s,1.0132,1.5969,-0.3517,
7220151100,3.3051,FemaleHostess20s,1.0132,1.6051,-0.3524,
7234461500,3.3195,FemaleHostess20s,1.0133,1.6083,-0.3538,
7248547500,3.3336,FemaleHostess20s,1.0145,1.6123,-0.3665,
7262028400,3.3472,FemaleHostess20s,1.0147,1.6119,-0.3681,
7276674900,3.3616,FemaleHostess20s,1.0151,1.6110,-0.3716,
7290468200,3.3756,FemaleHostess20s,1.0157,1.6098,-0.3763,
7304852700,3.3900,FemaleHostess20s,1.0166,1.6082,-0.3812,
7318550400,3.4036,FemaleHostess20s,1.0179,1.6066,-0.3880,
7332304100,3.4173,FemaleHostess20s,1.0190,1.6019,-0.3927,
7346397900,3.4316,FemaleHostess20s,1.0200,1.5973,-0.3961,
7360434300,3.4455,FemaleHostess20s,1.0194,1.5942,-0.3942,
7374113600,3.4592,FemaleHostess20s,1.0196,1.5923,-0.3948,
7388100800,3.4731,FemaleHostess20s,1.0185,1.5917,-0.3904,
7402155000,3.4874,FemaleHostess20s,1.0176,1.5905,-0.3867,
7416476000,3.5015,FemaleHostess20s,1.0166,1.5915,-0.3818,
7430612300,3.5157,FemaleHostess20s,1.0165,1.5919,-0.3813,
7444177300,3.5293,FemaleHostess20s,1.0162,1.5949,-0.3799,
7457757600,3.5428,FemaleHostess20s,1.0160,1.6021,-0.3787,
7471737200,3.5568,FemaleHostess20s,1.0158,1.6067,-0.3773,
7487892300,3.5730,FemaleHostess20s,1.0157,1.6113,-0.3757,
7503850800,3.5890,FemaleHostess20s,1.0163,1.6171,-0.3773,
7519330500,3.6044,FemaleHostess20s,1.0172,1.6221,-0.3793,
7534537900,3.6196,FemaleHostess20s,1.0177,1.6234,-0.3815,
7549817700,3.6349,FemaleHostess20s,1.0183,1.6245,-0.3838,
7564846200,3.6500,FemaleHostess20s,1.0178,1.6139,-0.3859,
7579968400,3.6650,FemaleHostess20s,1.0185,1.6215,-0.3864,
7593915400,3.6790,FemaleHostess20s,1.0193,1.6252,-0.3878,
7608252400,3.6934,FemaleHostess20s,1.0202,1.6291,-0.3893,
7622641200,3.7078,FemaleHostess20s,1.0205,1.6268,-0.3919,
7636779800,3.7218,FemaleHostess20s,1.0208,1.6284,-0.3922,
7651128200,3.7362,FemaleHostess20s,1.0201,1.6240,-0.3919,
7664882000,3.7501,FemaleHostess20s,1.0202,1.6261,-0.3913,
7679327200,3.7643,FemaleHostess20s,1.0205,1.6280,-0.3914,
7693555800,3.7787,FemaleHostess20s,1.0191,1.6285,-0.3850,
7707445800,3.7925,FemaleHostess20s,1.0192,1.6273,-0.3863,
7721631900,3.8068,FemaleHostess20s,1.0175,1.6255,-0.3788,
7735445500,3.8205,FemaleHostess20s,1.0172,1.6223,-0.3795,
7749524700,3.8346,FemaleHostess20s,1.0165,1.6205,-0.3765,
7763707100,3.8489,FemaleHostess20s,1.0159,1.6155,-0.3753,
7777453800,3.8625,FemaleHostess20s,1.0155,1.6121,-0.3740,
7791351200,3.8764,FemaleHostess20s,1.0152,1.6022,-0.3736,
7805082900,3.8903,FemaleHostess20s,1.0151,1.5999,-0.3730,
7819242600,3.9043,FemaleHostess20s,1.0150,1.5966,-0.3721,
7833314500,3.9184,FemaleHostess20s,1.0150,1.5958,-0.3723,
7847221200,3.9323,FemaleHostess20s,1.0152,1.5960,-0.3736,
7861153500,3.9462,FemaleHostess20s,1.0161,1.5989,-0.3790,
7875267700,3.9604,FemaleHostess20s,1.0162,1.6000,-0.3798,
7889413200,3.9745,FemaleHostess20s,1.0171,1.6089,-0.3835,
7903144700,3.9883,FemaleHostess20s,1.0173,1.6103,-0.3843,
7917139100,4.0022,FemaleHostess20s,1.0178,1.6132,-0.3859,
7931208500,4.0163,FemaleHostess20s,1.0181,1.6151,-0.3868,
7946882700,4.0321,FemaleHostess20s,1.0183,1.6173,-0.3871,
7962906600,4.0479,FemaleHostess20s,1.0185,1.6209,-0.3864,
7978597000,4.0636,FemaleHostess20s,1.0175,1.6249,-0.3793,
7994505600,4.0794,FemaleHostess20s,1.0179,1.6280,-0.3792,
8009158800,4.0940,FemaleHostess20s,1.0179,1.6294,-0.3781,
8023951400,4.1090,FemaleHostess20s,1.0163,1.6323,-0.3636,
8039448700,4.1244,FemaleHostess20s,1.0160,1.6299,-0.3644,
8053565100,4.1385,FemaleHostess20s,1.0153,1.6274,-0.3602,
8067317700,4.1524,FemaleHostess20s,1.0151,1.6255,-0.3609,
8081882600,4.1667,FemaleHostess20s,1.0148,1.6212,-0.3622,
8096097400,4.1810,FemaleHostess20s,1.0148,1.6206,-0.3635,
8110864600,4.1958,FemaleHostess20s,1.0149,1.6193,-0.3657,
8124679600,4.2097,FemaleHostess20s,1.0147,1.6113,-0.3688,
8138807200,4.2236,FemaleHostess20s,1.0150,1.6089,-0.3720,
8152986000,4.2379,FemaleHostess20s,1.0154,1.6081,-0.3743,
8166568200,4.2516,FemaleHostess20s,1.0157,1.6084,-0.3765,
8180990300,4.2659,FemaleHostess20s,1.0161,1.6102,-0.3783,
8195563000,4.2803,FemaleHostess20s,1.0165,1.6103,-0.3802,
8208864800,4.2938,FemaleHostess20s,1.0166,1.6126,-0.3805,
8222565700,4.3076,FemaleHostess20s,1.0166,1.6125,-0.3805,
8236700500,4.3216,FemaleHostess20s,1.0168,1.6126,-0.3815,
8250783400,4.3357,FemaleHostess20s,1.0159,1.6145,-0.3755,
8264588700,4.3497,FemaleHostess20s,1.0161,1.6174,-0.3759,
8278909100,4.3638,FemaleHostess20s,1.0165,1.6197,-0.3771,
8292746400,4.3777,FemaleHostess20s,1.0171,1.6243,-0.3774,
8306631500,4.3916,FemaleHostess20s,1.0171,1.6234,-0.3782,
8320735000,4.4057,FemaleHostess20s,1.0162,1.6210,-0.3742,
8334827700,4.4198,FemaleHostess20s,1.0161,1.6199,-0.3746,
8348800800,4.4338,FemaleHostess20s,1.0162,1.6193,-0.3753,
8364516000,4.4495,FemaleHostess20s,1.0151,1.6160,-0.3696,
8380720100,4.4656,FemaleHostess20s,1.0149,1.6120,-0.3696,
8396390100,4.4813,FemaleHostess20s,1.0149,1.6104,-0.3707,
8411753000,4.4967,FemaleHostess20s,1.0145,1.6050,-0.3686,
8427108100,4.5121,FemaleHostess20s,1.0148,1.6021,-0.3709,
8441870000,4.5268,FemaleHostess20s,1.0151,1.6003,-0.3733,
8456966300,4.5419,FemaleHostess20s,1.0155,1.6003,-0.3755,
8470985700,4.5559,FemaleHostess20s,1.0159,1.6014,-0.3782,
8485645500,4.5706,FemaleHostess20s,1.0158,1.6022,-0.3776,
8500331200,4.5852,FemaleHostess20s,1.0164,1.6036,-0.3808,
8514204500,4.5992,FemaleHostess20s,1.0171,1.6029,-0.3841,
8528214100,4.6131,FemaleHostess20s,1.0180,1.6067,-0.3882,
8542112600,4.6271,FemaleHostess20s,1.0188,1.6046,-0.3916,
8556668800,4.6416,FemaleHostess20s,1.0191,1.6021,-0.3929,
8570724900,4.6557,FemaleHostess20s,1.0196,1.6025,-0.3949,
8584389500,4.6695,FemaleHostess20s,1.0178,1.6030,-0.3874,
8598532600,4.6834,FemaleHostess20s,1.0180,1.6030,-0.3883,
8612540800,4.6975,FemaleHostess20s,1.0180,1.6019,-0.3885,
8626311200,4.7114,FemaleHostess20s,1.0166,1.6002,-0.3816,
8640506200,4.7255,FemaleHostess20s,1.0159,1.5981,-0.3778,
8654509800,4.7394,FemaleHostess20s,1.0147,1.5960,-0.3702,
8668832400,4.7538,FemaleHostess20s,1.0138,1.5872,-0.3615,
8682658700,4.7677,FemaleHostess20s,1.0134,1.5792,-0.3560,
8696430300,4.7814,FemaleHostess20s,1.0132,1.5734,-0.3525,
8710800800,4.7957,FemaleHostess20s,1.0131,1.5616,-0.3495,
8725157900,4.8102,FemaleHostess20s,1.0131,1.5677,-0.3474,
8738543400,4.8235,FemaleHostess20s,1.0131,1.5594,-0.3471,
8752654100,4.8376,FemaleHostess20s,1.0131,1.5625,-0.3476,
8766146200,4.8512,FemaleHostess20s,1.0131,1.5618,-0.3473,
8780214700,4.8651,FemaleHostess20s,1.0131,1.5639,-0.3477,
8794316000,4.8792,FemaleHostess20s,1.0131,1.5668,-0.3503,
8808671000,4.8936,FemaleHostess20s,1.0132,1.5686,-0.3536,
8823890600,4.9089,FemaleHostess20s,1.0135,1.5798,-0.3586,
8840174400,4.9251,FemaleHostess20s,1.0139,1.5766,-0.3626,
8855892900,4.9408,FemaleHostess20s,1.0143,1.5760,-0.3669,
8870926800,4.9558,FemaleHostess20s,1.0148,1.5748,-0.3707,
8885894700,4.9709,FemaleHostess20s,1.0153,1.5854,-0.3744,
8901118200,4.9860,FemaleHostess20s,1.0156,1.5875,-0.3763,
8915770700,5.0007,FemaleHostess20s,1.0159,1.6022,-0.3778,
8930738500,5.0156,FemaleHostess20s,1.0161,1.6044,-0.3792,
8944684700,5.0297,FemaleHostess20s,1.0165,1.6062,-0.3810,
8958843400,5.0438,FemaleHostess20s,1.0157,1.6076,-0.3764,
8973379200,5.0583,FemaleHostess20s,1.0160,1.6084,-0.3781,
8987319800,5.0724,FemaleHostess20s,1.0153,1.6072,-0.3742,
9001980500,5.0868,FemaleHostess20s,1.0155,1.6087,-0.3747,
9015585600,5.1005,FemaleHostess20s,1.0156,1.6098,-0.3753,
9029959900,5.1149,FemaleHostess20s,1.0152,1.6059,-0.3737,
9043612800,5.1287,FemaleHostess20s,1.0154,1.6070,-0.3745,
9057762200,5.1426,FemaleHostess20s,1.0142,1.6072,-0.3655,
9071631300,5.1566,FemaleHostess20s,1.0144,1.6086,-0.3666,
9085858700,5.1709,FemaleHostess20s,1.0143,1.6083,-0.3659,
9099655400,5.1846,FemaleHostess20s,1.0144,1.6098,-0.3663,
9114134100,5.1989,FemaleHostess20s,1.0145,1.6109,-0.3668,
9127799500,5.2127,FemaleHostess20s,1.0141,1.6108,-0.3634,
9142094400,5.2272,FemaleHostess20s,1.0143,1.6112,-0.3653,
9155578900,5.2405,FemaleHostess20s,1.0142,1.6126,-0.3634,
9169487400,5.2544,FemaleHostess20s,1.0143,1.6121,-0.3645,
9183752800,5.2688,FemaleHostess20s,1.0144,1.6122,-0.3654,
9197463300,5.2824,FemaleHostess20s,1.0145,1.6120,-0.3667,
9211332100,5.2963,FemaleHostess20s,1.0146,1.6134,-0.3667,
9225136600,5.3101,FemaleHostess20s,1.0140,1.6029,-0.3646,
9239187300,5.3241,FemaleHostess20s,1.0141,1.6039,-0.3654,
9253342700,5.3383,FemaleHostess20s,1.0142,1.6037,-0.3661,
9266934000,5.3520,FemaleHostess20s,1.0143,1.6028,-0.3672,
9281344000,5.3662,FemaleHostess20s,1.0144,1.6020,-0.3676,
9294956600,5.3799,FemaleHostess20s,1.0139,1.6028,-0.3629,
9310904200,5.3958,FemaleHostess20s,1.0139,1.6080,-0.3620,
9327245400,5.4123,FemaleHostess20s,1.0139,1.6089,-0.3622,
9342659900,5.4275,FemaleHostess20s,1.0140,1.6100,-0.3625,
9358024200,5.4430,FemaleHostess20s,1.0140,1.6089,-0.3632,
9372984700,5.4579,FemaleHostess20s,1.0141,1.6085,-0.3643,
9387967500,5.4729,FemaleHostess20s,1.0142,1.6085,-0.3647,
9402462100,5.4875,FemaleHostess20s,1.0142,1.6096,-0.3649,
9417690800,5.5026,FemaleHostess20s,1.0141,1.6112,-0.3629,
9432024300,5.5169,FemaleHostess20s,1.0140,1.6122,-0.3619,
9445858500,5.5309,FemaleHostess20s,1.0141,1.6135,-0.3612,
9460480100,5.5453,FemaleHostess20s,1.0141,1.6163,-0.3593,
9474316300,5.5593,FemaleHostess20s,1.0140,1.6152,-0.3597,
9488438900,5.5734,FemaleHostess20s,1.0139,1.6142,-0.3580,
9502571800,5.5877,FemaleHostess20s,1.0139,1.6145,-0.3580,
9516674300,5.6015,FemaleHostess20s,1.0139,1.6149,-0.3584,
9530606100,5.6155,FemaleHostess20s,1.0137,1.6090,-0.3590,
9544448200,5.6295,FemaleHostess20s,1.0137,1.6098,-0.3584,
9558844400,5.6438,FemaleHostess20s,1.0135,1.6077,-0.3577,
9572711300,5.6575,FemaleHostess20s,1.0136,1.6090,-0.3572,
9586536400,5.6716,FemaleHostess20s,1.0135,1.6100,-0.3566,
9600802300,5.6857,FemaleHostess20s,1.0135,1.6105,-0.3561,
9614670200,5.6996,FemaleHostess20s,1.0136,1.6111,-0.3557,
9629031500,5.7139,FemaleHostess20s,1.0137,1.6106,-0.3585,
9642696500,5.7278,FemaleHostess20s,1.0136,1.6101,-0.3573,
9656498300,5.7414,FemaleHostess20s,1.0138,1.6129,-0.3578,
9670263300,5.7552,FemaleHostess20s,1.0138,1.6133,-0.3575,
9684176000,5.7692,FemaleHostess20s,1.0138,1.6140,-0.3575,
9698315700,5.7833,FemaleHostess20s,1.0138,1.6135,-0.3578,
9712165800,5.7971,FemaleHostess20s,1.0138,1.6142,-0.3572,
9726353400,5.8114,FemaleHostess20s,1.0139,1.6162,-0.3572,
9740127900,5.8250,FemaleHostess20s,1.0139,1.6157,-0.3569,
9754109600,5.8391,FemaleHostess20s,1.0136,1.6108,-0.3572,
9770035400,5.8549,FemaleHostess20s,1.0136,1.6106,-0.3564,
9786551900,5.8716,FemaleHostess20s,1.0140,1.6153,-0.3589,
9802011700,5.8869,FemaleHostess20s,1.0140,1.6162,-0.3577,
9816880600,5.9018,FemaleHostess20s,1.0139,1.6146,-0.3577,
9832131900,5.9171,FemaleHostess20s,1.0138,1.6148,-0.3568,
9846994600,5.9321,FemaleHostess20s,1.0137,1.6141,-0.3548,
9861924400,5.9468,FemaleHostess20s,1.0136,1.6139,-0.3531,
9876219300,5.9611,FemaleHostess20s,1.0135,1.6144,-0.3502,
9890919800,5.9758,FemaleHostess20s,1.0133,1.6113,-0.3478,
9904691000,5.9898,FemaleHostess20s,1.0132,1.6102,-0.3453,
9919215100,6.0041,FemaleHostess20s,1.0131,1.6074,-0.3439,
9933677300,6.0185,FemaleHostess20s,1.0131,1.6048,-0.3429,
9948681000,6.0336,FemaleHostess20s,1.0131,1.6030,-0.3426,
9961579300,6.0467,FemaleHostess20s,1.0131,1.6025,-0.3452,
9975924000,6.0607,FemaleHostess20s,1.0131,1.6023,-0.3451,
9990105200,6.0750,FemaleHostess20s,1.0131,1.6029,-0.3453,
10003587800,6.0887,FemaleHostess20s,1.0131,1.6047,-0.3457,
10017734000,6.1027,FemaleHostess20s,1.0131,1.6048,-0.3460,
10032176000,6.1170,FemaleHostess20s,1.0132,1.6051,-0.3514,
10045607400,6.1307,FemaleHostess20s,1.0134,1.6076,-0.3550,
10059823100,6.1447,FemaleHostess20s,1.0134,1.6076,-0.3562,
10074472800,6.1594,FemaleHostess20s,1.0135,1.6072,-0.3573,
10087786100,6.1727,FemaleHostess20s,1.0136,1.6000,-0.3592,
10101687300,6.1868,FemaleHostess20s,1.0136,1.5987,-0.3597,
10115503000,6.2005,FemaleHostess20s,1.0177,1.3736,-0.3036,
10129682500,6.2146,FemaleHostess20s,1.0176,1.3731,-0.3043,
10143764000,6.2288,FemaleHostess20s,1.0312,1.0545,-0.2644,
10157552800,6.2425,FemaleHostess20s,1.0312,1.0539,-0.2644,
10171331300,6.2563,FemaleHostess20s,1.0314,1.0531,-0.2639,
10185275900,6.2704,FemaleHostess20s,1.0318,1.0528,-0.2631,
10199404300,6.2843,Podium,0.7483,1.1163,-0.2630,
10213439300,6.2984,Podium,0.7350,1.1163,-0.2575,
10227636700,6.3126,Podium,0.7348,1.1163,-0.2572,
10241436500,6.3265,Podium,0.7338,1.1163,-0.2567,
10257187200,6.3420,Podium,0.7348,1.1163,-0.2565,
10273100700,6.3580,Podium,0.7361,1.1163,-0.2563,
10288663100,6.3736,Podium,0.7530,1.1163,-0.2498,
10303930400,6.3890,Podium,0.7530,1.1163,-0.2501,
10319413600,6.4043,Podium,0.7608,1.1163,-0.2517,
10334477900,6.4194,Podium,0.7544,1.1163,-0.2531,
10348622400,6.4336,Podium,0.7528,1.1163,-0.2540,
10363195600,6.4483,Podium,0.7443,1.1163,-0.2550,
10378106500,6.4629,Podium,0.7478,1.1163,-0.2556,
10393170100,6.4781,Podium,0.7435,1.1163,-0.2611,
10406051100,6.4911,Podium,0.7460,1.1163,-0.2615,
10420282900,6.5052,Podium,0.7467,1.1163,-0.2633,
10434489400,6.5193,Podium,0.7457,1.1163,-0.2640,
10448783700,6.5337,Podium,0.7440,1.1163,-0.2644,
10462887300,6.5480,Podium,0.7437,1.1163,-0.2641,
10477049900,6.5620,Podium,0.7471,1.1163,-0.2620,
10491104000,6.5760,Podium,0.7467,1.1163,-0.2621,
10504854600,6.5899,Podium,0.7455,1.1163,-0.2623,
10519356900,6.6043,Podium,0.7415,1.1163,-0.2607,
10534117400,6.6191,Podium,0.7378,1.1163,-0.2612,
10547447100,6.6324,Podium,0.7336,1.1163,-0.2622,
10561043700,6.6459,Podium,0.7311,1.1163,-0.2627,
10574981100,6.6599,Podium,0.7309,1.1163,-0.2636,
10588604100,6.6735,Podium,0.7159,1.1163,-0.2639,
10602785700,6.6878,Podium,0.7167,1.1163,-0.2644,
10616901900,6.7018,Podium,0.7164,1.1163,-0.2645,
10630559400,6.7155,Podium,0.7176,1.1163,-0.2651,
10644711400,6.7298,Podium,0.7482,1.1163,-0.2629,
10658963200,6.7438,Podium,0.7497,1.1163,-0.2629,
10672516400,6.7574,Podium,0.7532,1.1163,-0.2631,
10686496200,6.7716,Podium,0.7538,1.1163,-0.2634,
10700762600,6.7857,Tablet_Podium,0.5478,1.1988,-0.2674,
10714633200,6.7995,Tablet_Podium,0.5457,1.2010,-0.2685,
10728424900,6.8134,Tablet_Podium,0.5437,1.2029,-0.2709,
10744212000,6.8293,Tablet_Podium,0.5555,1.1911,-0.2743,
10760369000,6.8453,Tablet_Podium,0.5563,1.1904,-0.2779,
10776393800,6.8612,Tablet_Podium,0.5604,1.1863,-0.2797,
10791711100,6.8767,Tablet_Podium,0.5801,1.1666,-0.2917,
10806253500,6.8913,Tablet_Podium,0.5840,1.1626,-0.2922,
10821402800,6.9063,[BuildingBlock]  Option2,-0.1013,1.3830,-0.3010,
10836889200,6.9216,[BuildingBlock]  Option2,-0.1016,1.3827,-0.3006,
10850923400,6.9358,[BuildingBlock]  Option2,-0.1018,1.3825,-0.3003,
10864834300,6.9499,[BuildingBlock]  Option2,-0.1028,1.3802,-0.3012,
10879611300,6.9646,[BuildingBlock]  Option2,-0.1027,1.3803,-0.3007,
10893767200,6.9786,[BuildingBlock]  Option2,-0.1033,1.3794,-0.2990,
10907810700,6.9927,[BuildingBlock]  Option2,-0.1032,1.3795,-0.3001,
10922979600,7.0081,[BuildingBlock]  Option2,-0.1032,1.3795,-0.3002,
10935954800,7.0209,[BuildingBlock]  Option2,-0.1033,1.3796,-0.3003,
10950602000,7.0355,[BuildingBlock]  Option2,-0.0988,1.3777,-0.3618,
10964146200,7.0492,[BuildingBlock]  Option2,-0.0988,1.3777,-0.3627,
10978383100,7.0633,[BuildingBlock]  Option2,-0.0942,1.3822,-0.3948,
10991998400,7.0769,[BuildingBlock]  Option2,-0.0943,1.3822,-0.3949,
11006549600,7.0915,[BuildingBlock]  Option2,-0.0945,1.3817,-0.3951,
11020480700,7.1054,[BuildingBlock]  Option2,-0.0947,1.3818,-0.3960,
11034231500,7.1191,[BuildingBlock]  Option2,-0.0949,1.3816,-0.3962,
11048067400,7.1330,[BuildingBlock]  Option2,-0.0967,1.3776,-0.3988,
11062274400,7.1473,[BuildingBlock]  Option2,-0.0968,1.3774,-0.3990,
11076317000,7.1612,[BuildingBlock]  Option2,-0.0979,1.3757,-0.3990,
11090318300,7.1752,[BuildingBlock]  Option2,-0.0978,1.3760,-0.3990,
11103852500,7.1889,[BuildingBlock]  Option2,-0.0979,1.3757,-0.3993,
11118023000,7.2029,[BuildingBlock]  Option2,-0.0990,1.3748,-0.3988,
11132458900,7.2174,[BuildingBlock]  Option2,-0.0999,1.3735,-0.3993,
11145714900,7.2308,[BuildingBlock]  Option2,-0.0986,1.3763,-0.3986,
11159748400,7.2447,[BuildingBlock]  Option2,-0.0994,1.3763,-0.3998,
11173976200,7.2588,[BuildingBlock]  Option2,-0.0993,1.3772,-0.4015,
11187724500,7.2726,[BuildingBlock]  Option2,-0.0991,1.3784,-0.4059,
11201743100,7.2868,[BuildingBlock]  Option2,-0.0988,1.3785,-0.4094,
11215716800,7.3007,[BuildingBlock]  Option2,-0.1004,1.3786,-0.4124,
11229762400,7.3146,[BuildingBlock]  Option2,-0.1022,1.3770,-0.4166,
11243469100,7.3285,[BuildingBlock]  Option2,-0.1041,1.3723,-0.4219,
11259644100,7.3446,[BuildingBlock]  Option2,-0.1067,1.3720,-0.4254,
11276380700,7.3613,[BuildingBlock]  Option2,-0.1093,1.3707,-0.4320,
11291219100,7.3761,[BuildingBlock]  Option2,-0.1099,1.3717,-0.4311,
11306221600,7.3912,[BuildingBlock]  Option2,-0.1105,1.3703,-0.4339,
11321369200,7.4063,[BuildingBlock]  Option2,-0.1114,1.3724,-0.4295,
11337292500,7.4221,[BuildingBlock]  Option2,-0.1127,1.3718,-0.4314,
11351980100,7.4367,[BuildingBlock]  Option2,-0.1135,1.3717,-0.4329,
11365771000,7.4508,[BuildingBlock]  Option2,-0.1098,1.3792,-0.4282,
11380246700,7.4650,[BuildingBlock]  Option2,-0.1103,1.3807,-0.4264,
11394588400,7.4795,[BuildingBlock]  Option2,-0.1105,1.3815,-0.4269,
11408557000,7.4933,[BuildingBlock]  Option2,-0.1118,1.3801,-0.4185,
11422723400,7.5077,[BuildingBlock]  Option2,-0.1117,1.3802,-0.4186,
11437640900,7.5223,[BuildingBlock]  Option2,-0.1129,1.3804,-0.4186,
11450995800,7.5358,[BuildingBlock]  Option2,-0.1147,1.3781,-0.4186,
11465266100,7.5502,[BuildingBlock]  Option2,-0.1151,1.3772,-0.4191,
11479997200,7.5648,[BuildingBlock]  Option2,-0.1206,1.3690,-0.4647,
11493680600,7.5785,[BuildingBlock]  Option2,-0.1211,1.3691,-0.4646,
11507132400,7.5921,[BuildingBlock]  Option2,-0.1207,1.3699,-0.4640,
11521397600,7.6062,[BuildingBlock]  Option2,-0.1230,1.3662,-0.4718,
11536385100,7.6212,[BuildingBlock]  Option2,-0.1225,1.3674,-0.4707,
11549231200,7.6341,[BuildingBlock]  Option2,-0.1237,1.3653,-0.4697,
11563078000,7.6481,[BuildingBlock]  Option2,-0.1238,1.3651,-0.4691,
11576971700,7.6618,[BuildingBlock]  Option2,-0.1243,1.3643,-0.4675,
11591014000,7.6759,[BuildingBlock]  Option2,-0.1244,1.3641,-0.4666,
11605136200,7.6902,[BuildingBlock]  Option2,-0.1243,1.3643,-0.4654,
11619490300,7.7042,[BuildingBlock]  Option2,-0.1231,1.3667,-0.4609,
11633605400,7.7183,[BuildingBlock]  Option2,-0.1231,1.3669,-0.4597,
11649346800,7.7341,[BuildingBlock]  Option2,-0.1225,1.3679,-0.4587,
11664836000,7.7498,[BuildingBlock]  Option2,-0.1233,1.3662,-0.4566,
11680672500,7.7655,[BuildingBlock]  Option2,-0.1236,1.3654,-0.4553,
11696167700,7.7809,[BuildingBlock]  Option2,-0.1244,1.3631,-0.4560,
11711521200,7.7963,Collider,-0.1961,1.4049,-0.4306,
11727640600,7.8125,Collider,-0.1903,1.4042,-0.4355,
11741244700,7.8262,Collider,-0.1869,1.4042,-0.4357,
11755251700,7.8400,Collider,-0.1681,1.3929,-0.4418,
11769739900,7.8546,Collider,-0.1553,1.3866,-0.4453,
11783862200,7.8688,[BuildingBlock]  Option2,-0.1185,1.3743,-0.4561,
11798046400,7.8829,[BuildingBlock]  Option2,-0.1173,1.3757,-0.4554,
11812801300,7.8975,[BuildingBlock]  Option2,-0.1170,1.3760,-0.4560,
11826519800,7.9115,[BuildingBlock]  Option2,-0.1171,1.3758,-0.4556,
11841045400,7.9259,[BuildingBlock]  Option2,-0.1174,1.3748,-0.4549,
11854790500,7.9397,[BuildingBlock]  Option2,-0.1171,1.3751,-0.4558,
11869278800,7.9540,[BuildingBlock]  Option2,-0.1169,1.3751,-0.4552,
11882283300,7.9673,[BuildingBlock]  Option2,-0.1187,1.3714,-0.4546,
11896762800,7.9816,[BuildingBlock]  Option2,-0.1183,1.3716,-0.4545,
11910904600,7.9957,[BuildingBlock]  Option2,-0.1174,1.3735,-0.4544,
11924479600,8.0094,[BuildingBlock]  Option2,-0.1177,1.3728,-0.4549,
11938533700,8.0234,[BuildingBlock]  Option2,-0.1182,1.3719,-0.4549,
11955043200,8.0399,[BuildingBlock]  Option2,-0.1198,1.3685,-0.4543,
11970859800,8.0557,[BuildingBlock]  Option2,-0.1208,1.3663,-0.4537,
11986499700,8.0714,[BuildingBlock]  Option2,-0.1207,1.3666,-0.4530,
12003197600,8.0879,Podium,0.3286,1.1163,-0.6008,
12017185900,8.1020,Podium,0.3345,1.1163,-0.6001,
12032080700,8.1168,Podium,0.3295,1.1163,-0.5971,
12046315600,8.1312,Podium,0.3572,1.1163,-0.6009,
12061090800,8.1459,Podium,0.3612,1.1163,-0.5993,
12075556500,8.1604,Podium,0.3599,1.1163,-0.5966,
12090422000,8.1753,Podium,0.3436,1.1163,-0.5902,
12104096900,8.1890,Podium,0.3407,1.1163,-0.5876,
12118362900,8.2032,Podium,0.3425,1.1163,-0.5886,
12132401900,8.2173,Podium,0.3465,1.1163,-0.5881,
12146719800,8.2317,Podium,0.3485,1.1163,-0.5951,
12161328000,8.2461,Podium,0.3502,1.1163,-0.5940,
12175209400,8.2601,Podium,0.3458,1.1163,-0.5914,
12189079800,8.2739,Podium,0.3396,1.1163,-0.5881,
12202776800,8.2878,Podium,0.3346,1.1163,-0.5845,
12217221300,8.3020,Podium,0.3367,1.1163,-0.5840,
12231391500,8.3162,Podium,0.3457,1.1163,-0.5847,
12244668400,8.3297,Podium,0.3555,1.1163,-0.5946,
12258873000,8.3437,Podium,0.3534,1.1163,-0.5950,
12273042900,8.3578,Podium,0.3471,1.1163,-0.5949,
12288854100,8.3737,Podium,0.3515,1.1163,-0.5969,
12305059200,8.3901,Podium,0.3713,1.1163,-0.6007,
12320498900,8.4054,Floor_Podium,2.4191,0.0574,-1.2587,
12336605900,8.4214,Floor_Podium,2.4247,0.0574,-1.2624,
12351221700,8.4360,Podium,0.3854,1.1163,-0.6041,
12366238100,8.4512,Podium,0.5583,1.1163,-0.4851,
12381105800,8.4659,FemaleHostess20s,1.0132,1.2174,-0.3460,
12395657300,8.4804,FemaleHostess20s,1.0132,1.2215,-0.3430,
12409881700,8.4947,FemaleHostess20s,1.0132,1.4324,-0.3346,
12424083500,8.5091,FemaleHostess20s,1.0132,1.4315,-0.3352,
12438581300,8.5233,FemaleHostess20s,1.0132,1.4248,-0.3359,
12452727200,8.5375,FemaleHostess20s,1.0137,1.4932,-0.3533,
12466533700,8.5515,FemaleHostess20s,1.0137,1.4880,-0.3536,
12481325700,8.5661,FemaleHostess20s,1.0139,1.4904,-0.3547,
12494852600,8.5797,FemaleHostess20s,1.0138,1.4955,-0.3533,
12508981000,8.5938,FemaleHostess20s,1.0137,1.5037,-0.3516,
12523077700,8.6081,FemaleHostess20s,1.0137,1.5139,-0.3516,
12537027700,8.6219,FemaleHostess20s,1.0138,1.5127,-0.3529,
12551123400,8.6360,FemaleHostess20s,1.0139,1.5142,-0.3539,
12564827800,8.6498,FemaleHostess20s,1.0138,1.5111,-0.3520,
12579222200,8.6641,FemaleHostess20s,1.0135,1.5080,-0.3463,
12593369900,8.6782,FemaleHostess20s,1.0134,1.5049,-0.3432,
12607278000,8.6923,FemaleHostess20s,1.0133,1.4986,-0.3407,
12623270400,8.7081,FemaleHostess20s,1.0134,1.4900,-0.3357,
12640446300,8.7253,FemaleHostess20s,1.0135,1.4816,-0.3299,
12655077900,8.7399,FemaleHostess20s,1.0445,1.4198,-0.2345,
12670689300,8.7555,FemaleHostess20s,1.0461,1.4209,-0.2322,
12685255000,8.7702,FemaleHostess20s,1.0473,1.4207,-0.2304,
12700420700,8.7853,Bar,3.3977,0.5953,0.5770,
12714759800,8.7996,Floor_Bar,5.2958,0.0574,1.1136,
12729331800,8.8142,Floor_Bar,5.2058,0.0574,1.1059,
12743752100,8.8287,Floor_Bar,5.1484,0.0574,1.1067,
12758350200,8.8432,Floor_Bar,5.1268,0.0574,1.1183,
12772463300,8.8573,Floor_Bar,5.1268,0.0574,1.1343,
12786867900,8.8719,Floor_Bar,5.1472,0.0574,1.1548,
12800872500,8.8857,Floor_Bar,5.1689,0.0574,1.1806,
12815035000,8.8999,Floor_Bar,5.3819,0.0574,1.2093,
12829199700,8.9141,Floor_Bar,5.4185,0.0574,1.2462,
12843187400,8.9282,Floor_Bar,5.4309,0.0574,1.2757,
12857215800,8.9420,Floor_Bar,5.4122,0.0574,1.2912,
12871234100,8.9561,Floor_Bar,5.3695,0.0574,1.2975,
12885445700,8.9705,Floor_Bar,4.4404,0.0574,1.0707,
12899152200,8.9840,Floor_Bar,4.4026,0.0574,1.0733,
12913235200,8.9980,Floor_Bar,4.2126,0.0574,1.0334,
12927046200,9.0120,Floor_Bar,4.1948,0.0574,1.0360,
12941677500,9.0265,Floor_Bar,4.1742,0.0574,1.0386,
12955120500,9.0400,Floor_Bar,4.1663,0.0574,0.9793,
12968981200,9.0538,Floor_Bar,4.1547,0.0574,0.9805,
12982956500,9.0679,Floor_Bar,4.1304,0.0574,0.9563,
12997815700,9.0826,Floor_Bar,4.1221,0.0574,0.9593,
13011300800,9.0961,Floor_Bar,4.1249,0.0574,0.9637,
13024891700,9.1098,Floor_Bar,4.1427,0.0574,0.9306,
13038814000,9.1237,Floor_Bar,4.1405,0.0574,0.9325,
13052969300,9.1379,Floor_Bar,4.1377,0.0574,0.9268,
13066734500,9.1518,Floor_Bar,4.1259,0.0574,0.9272,
13080889700,9.1657,Floor_Bar,4.1255,0.0574,0.9122,
13096862100,9.1818,Floor_Bar,4.1250,0.0574,0.9175,
13112503700,9.1974,Floor_Bar,4.1200,0.0574,0.9243,
13128335400,9.2132,Floor_Bar,4.1615,0.0574,0.9175,
13143800100,9.2288,Floor_Bar,4.1900,0.0574,0.9291,
13158795900,9.2436,Floor_Bar,4.1876,0.0574,0.9405,
13173704600,9.2586,Floor_Bar,4.1839,0.0574,0.9512,
13188628700,9.2735,Floor_Bar,4.1680,0.0574,0.9605,
13203482100,9.2885,Floor_Bar,4.1554,0.0574,0.9695,
13217234900,9.3022,Floor_Bar,4.1657,0.0574,0.9490,
13231859900,9.3168,Floor_Bar,4.1762,0.0574,0.9630,
13246895600,9.3319,Floor_Bar,4.1623,0.0574,0.9700,
13260238800,9.3451,Floor_Bar,4.1636,0.0574,0.9870,
13274519000,9.3595,Floor_Bar,4.1486,0.0574,1.0016,
13288274000,9.3732,Floor_Bar,4.1889,0.0574,0.9867,
13302501700,9.3876,Floor_Bar,4.1687,0.0574,1.0040,
13316498400,9.4014,Floor_Bar,4.2063,0.0574,0.9968,
13330706700,9.4157,Floor_Bar,4.2031,0.0574,1.0209,
13344706900,9.4298,Floor_Bar,4.1989,0.0574,1.0494,
13358920400,9.4438,Floor_Bar,4.1905,0.0574,1.0710,
13372790800,9.4577,Floor_Bar,4.1710,0.0574,1.0950,
13386527200,9.4716,Floor_Bar,4.1526,0.0574,1.0665,
13400792300,9.4857,Floor_Bar,4.1443,0.0574,1.0942,
13414883100,9.4998,Floor_Bar,4.1293,0.0574,1.0775,
13428759600,9.5136,Floor_Bar,4.1080,0.0574,1.1063,
13442556100,9.5276,Floor_Bar,4.0672,0.0574,1.1324,
13456413200,9.5413,Floor_Bar,4.0885,0.0574,1.0742,
13470598400,9.5555,Floor_Bar,4.0642,0.0574,1.1106,
13484689000,9.5697,Floor_Bar,4.0397,0.0574,1.1466,
13498471200,9.5834,Floor_Bar,4.0161,0.0574,1.1939,
13512511500,9.5975,Floor_Bar,3.9831,0.0574,1.2404,
13526215600,9.6113,Floor_Bar,3.9091,0.0574,1.2005,
13540499000,9.6253,Floor_Bar,3.8431,0.0574,1.2533,
13554370800,9.6393,Floor_Bar,3.7490,0.0574,1.2989,
13570807500,9.6557,PlantPot,1.4977,0.8632,0.5442,
13586243000,9.6713,MenuBoard,0.5213,1.0614,0.4628,
13602018500,9.6869,MenuBoard,0.4952,1.0579,0.4891,
13617533400,9.7024,MenuBoard,0.2855,1.0579,0.5144,
13632450600,9.7174,MenuBoard,0.2530,1.0579,0.5319,
13646991900,9.7321,MenuBoard,0.2174,1.0579,0.5466,
13662283600,9.7471,PlantPot,0.5554,0.7908,0.9300,
13676466900,9.7614,PlantPot,0.4917,0.8070,0.9300,
13691928900,9.7769,PlantPot,0.5119,0.7939,0.9300,
13705169100,9.7903,PlantPot,0.4504,0.8078,0.9300,
13719271200,9.8041,PlantPot,0.5032,0.8119,0.9300,
13733555800,9.8185,PlantPot,0.4497,0.8248,0.9300,
13747909600,9.8328,PlantPot,0.5356,0.8065,0.9300,
13761724800,9.8468,PlantPot,0.4841,0.8184,0.9300,
13775935500,9.8608,PlantPot,0.4382,0.8269,0.9300,
13790292600,9.8752,PlantPot,0.5380,0.8035,0.9300,
13803882800,9.8890,PlantPot,0.4940,0.8153,0.9300,
13818104100,9.9031,MenuBoard,0.2235,1.0579,0.5663,
13832259500,9.9171,PlantPot,0.5737,0.8145,0.9300,
13846705900,9.9317,PlantPot,0.5351,0.8362,0.9300,
13860411200,9.9453,PlantPot,0.4967,0.8723,0.9300,
13874163200,9.9591,PlantPot,0.4630,0.8863,0.9300,
13888194700,9.9731,PlantPot,0.2172,1.0051,0.9300,
13901965300,9.9870,MenuTakeOut,0.0533,1.1150,0.7291,
13916113900,10.0011,MenuTakeOut,-0.0229,1.1328,0.8749,
13930372000,10.0153,MenuTakeOut,-0.0342,1.1282,0.8815,
13944178300,10.0292,MenuTakeOut,-0.0434,1.1246,0.8872,
13958251600,10.0432,MenuTakeOut,-0.0521,1.1230,0.8962,
13971951800,10.0569,MenuTakeOut,-0.0605,1.1182,0.8983,
13986131100,10.0712,MenuTakeOut,-0.0309,1.1249,0.8699,
14000446900,10.0853,MenuTakeOut,-0.0380,1.1212,0.8723,
14014704700,10.0997,MenuTakeOut,-0.0453,1.1178,0.8758,
14028498000,10.1134,MenuTakeOut,-0.0213,1.1230,0.8522,
14042333500,10.1274,MenuTakeOut,-0.0263,1.1226,0.8586,
14056620200,10.1415,MenuTakeOut,-0.0107,1.1255,0.8424,
14071038500,10.1560,MenuTakeOut,-0.0170,1.1237,0.8475,
14084499900,10.1696,MenuTakeOut,0.0065,1.1293,0.8256,
14098639000,10.1836,MenuTakeOut,0.0016,1.1281,0.8302,
14112795800,10.1977,MenuTakeOut,-0.0016,1.1287,0.8359,
14126848800,10.2119,MenuTakeOut,0.0191,1.1393,0.8284,
14140674500,10.2256,MenuTakeOut,0.0158,1.1398,0.8343,
14154950200,10.2398,MenuTakeOut,0.0281,1.1439,0.8253,
14169063000,10.2539,MenuTakeOut,0.0263,1.1440,0.8279,
14182351600,10.2674,MenuTakeOut,0.0252,1.1443,0.8301,
14196869700,10.2818,MenuTakeOut,0.0376,1.1491,0.8226,
14210756900,10.2957,MenuTakeOut,0.0378,1.1510,0.8261,
14224749300,10.3098,MenuTakeOut,0.0397,1.1543,0.8304,
14238382200,10.3233,MenuTakeOut,0.0406,1.1568,0.8343,
14252238700,10.3372,MenuTakeOut,0.0373,1.1802,0.8873,
14266401400,10.3515,MenuTakeOut,0.0353,1.1788,0.8873,
14280576500,10.3654,MenuTakeOut,0.0322,1.1771,0.8883,
14294398500,10.3794,MenuTakeOut,0.0480,1.2225,0.9600,
14308446700,10.3933,MenuTakeOut,0.0457,1.2225,0.9633,
14322364300,10.4074,MenuTakeOut,0.0439,1.2232,0.9674,
14336177700,10.4209,MenuTakeOut,0.0407,1.2235,0.9725,
14350422100,10.4353,MenuTakeOut,0.0371,1.2234,0.9773,
14364254100,10.4492,MenuTakeOut,0.0284,1.2145,0.9713,
14378044200,10.4629,MenuTakeOut,0.0273,1.2171,0.9784,
14392572900,10.4773,MenuTakeOut,0.0336,1.2204,0.9761,
14405903900,10.4909,MenuTakeOut,0.0332,1.2234,0.9829,
14420032500,10.5049,MenuTakeOut,0.0408,1.2267,0.9790,
14434334000,10.5192,MenuTakeOut,0.0393,1.2303,0.9886,
14448958300,10.5337,MenuTakeOut,0.0397,1.2346,0.9970,
14461793800,10.5468,MenuTakeOut,0.0364,1.2324,0.9972,
14476032800,10.5609,MenuTakeOut,0.0341,1.2340,1.0037,
14489846200,10.5747,MenuTakeOut,0.0325,1.2376,1.0136,
14503842100,10.5888,MenuTakeOut,0.0351,1.2441,1.0233,
14517687800,10.6025,MenuTakeOut,0.0380,1.2494,1.0301,
14531829500,10.6167,MenuTakeOut,0.0372,1.2578,1.0487,
14545326400,10.6303,MenuTakeOut,0.0268,1.2587,1.0653,
14559579000,10.6444,MenuTakeOut,0.0292,1.2614,1.0675,
14573445600,10.6583,MenuTakeOut,0.0231,1.2508,1.0543,
14587335600,10.6723,MenuTakeOut,0.0251,1.2512,1.0522,
14601729100,10.6866,MenuTakeOut,0.0272,1.2528,1.0525,
14615482400,10.7003,MenuTakeOut,0.0320,1.2508,1.0415,
14629966400,10.7147,MenuTakeOut,0.0366,1.2542,1.0421,
14643274500,10.7283,MenuTakeOut,0.0336,1.2457,1.0287,
14657665600,10.7425,MenuTakeOut,0.0336,1.2440,1.0252,
14671543300,10.7564,MenuTakeOut,0.0309,1.2397,1.0200,
14685469100,10.7705,MenuTakeOut,0.0276,1.2360,1.0172,
14699405700,10.7843,MenuTakeOut,0.0228,1.2284,1.0082,
14713386600,10.7983,MenuTakeOut,0.0187,1.2224,1.0016,
14727214700,10.8121,MenuTakeOut,0.0182,1.2229,1.0033,
14741247100,10.8261,MenuTakeOut,0.0173,1.2243,1.0076,
14755061600,10.8399,MenuTakeOut,0.0163,1.2259,1.0122,
14769063500,10.8539,MenuTakeOut,0.0157,1.2272,1.0158,
14782976900,10.8679,MenuTakeOut,0.0146,1.2288,1.0207,
14796960000,10.8818,MenuTakeOut,0.0147,1.2313,1.0257,
14810990500,10.8958,MenuTakeOut,0.0377,1.2378,1.0065,
14824603300,10.9096,MenuTakeOut,0.0377,1.2393,1.0097,
14838655600,10.9235,MenuTakeOut,0.0366,1.2390,1.0105,
14852629600,10.9375,MenuTakeOut,0.0476,1.2402,0.9973,
14866778200,10.9517,MenuTakeOut,0.0467,1.2387,0.9955,
14881197700,10.9661,MenuTakeOut,0.0505,1.2385,0.9898,
14894640400,10.9795,MenuTakeOut,0.0502,1.2383,0.9897,
14908639700,10.9935,MenuTakeOut,0.0507,1.2361,0.9842,
14922612800,11.0076,MenuTakeOut,0.0506,1.2343,0.9808,
14937033900,11.0217,MenuTakeOut,0.0504,1.2324,0.9771,
14950773100,11.0356,MenuTakeOut,0.0547,1.2313,0.9687,
14964320200,11.0493,MenuTakeOut,0.0561,1.2324,0.9690,
14978545300,11.0633,MenuTakeOut,0.0586,1.2353,0.9714,
14992282400,11.0772,MenuTakeOut,0.0604,1.2372,0.9729,
15006929200,11.0918,MenuTakeOut,0.0633,1.2420,0.9788,
15020321100,11.1052,MenuTakeOut,0.0620,1.2433,0.9833,
15034353000,11.1192,MenuTakeOut,0.0616,1.2441,0.9856,
15048590800,11.1334,MenuTakeOut,0.0596,1.2441,0.9883,
15062374300,11.1473,MenuTakeOut,0.0583,1.2441,0.9901,
15076487200,11.1613,MenuTakeOut,0.0533,1.2405,0.9898,
15090548500,11.1754,MenuTakeOut,0.0520,1.2407,0.9920,
15103850900,11.1889,MenuTakeOut,0.0496,1.2402,0.9945,
15117954300,11.2028,MenuTakeOut,0.0465,1.2385,0.9953,
15132433400,11.2173,MenuTakeOut,0.0440,1.2378,0.9975,
15146068300,11.2311,MenuTakeOut,0.0413,1.2323,0.9899,
15160147200,11.2450,MenuTakeOut,0.0400,1.2336,0.9944,
15174055800,11.2589,MenuTakeOut,0.0400,1.2365,1.0006,
15187917700,11.2728,MenuTakeOut,0.0442,1.2400,1.0019,
15202027400,11.2870,MenuTakeOut,0.0460,1.2436,1.0068,
15216233900,11.3010,MenuTakeOut,0.0485,1.2469,1.0099,
15230134100,11.3148,MenuTakeOut,0.0514,1.2539,1.0203,
15243884300,11.3289,MenuTakeOut,0.0529,1.2579,1.0265,
15257738900,11.3426,MenuTakeOut,0.0548,1.2620,1.0324,
15271326200,11.3562,MenuTakeOut,0.0522,1.2606,1.0332,
15285787400,11.3707,MenuTakeOut,-0.0342,1.1855,1.0005,
15299538000,11.3844,MenuTakeOut,-0.0360,1.1867,1.0054,
15313071700,11.3980,MenuTakeOut,-0.0532,1.1689,0.9930,
15327246000,11.4123,MenuTakeOut,-0.0546,1.1716,1.0007,
15341529700,11.4263,MenuTakeOut,-0.0577,1.1723,1.0065,
15355045900,11.4399,MenuTakeOut,-0.0699,1.1597,0.9977,
15369290300,11.4540,MenuTakeOut,-0.0746,1.1576,1.0002,
15382959800,11.4680,MenuTakeOut,-0.0753,1.1566,0.9990,
15397378700,11.4822,MenuTakeOut,-0.0776,1.1587,1.0067,
15410747500,11.4956,MenuTakeOut,-0.0774,1.1576,1.0042,
15425312300,11.5103,MenuTakeOut,-0.0787,1.1598,1.0105,
15438903600,11.5238,MenuTakeOut,-0.0798,1.1611,1.0148,
15452872600,11.5377,MenuTakeOut,-0.0762,1.1555,0.9981,
15466415700,11.5515,MenuTakeOut,-0.0752,1.1574,1.0007,
15480506100,11.5654,MenuTakeOut,-0.0712,1.1543,0.9884,
15494688200,11.5797,MenuTakeOut,-0.0696,1.1582,0.9942,
15508702000,11.5936,MenuTakeOut,-0.0672,1.1625,0.9996,
15522632700,11.6077,MenuTakeOut,-0.0704,1.1573,0.9935,
15536026500,11.6210,MenuTakeOut,-0.0706,1.1575,0.9943,
15550383900,11.6352,MenuTakeOut,-0.0680,1.1480,0.9708,
15563741600,11.6488,MenuTakeOut,-0.0694,1.1460,0.9687,
15578124900,11.6631,MenuTakeOut,-0.0741,1.1336,0.9495,
15591766200,11.6767,MenuTakeOut,-0.0754,1.1316,0.9474,
15606452600,11.6915,MenuTakeOut,-0.0765,1.1296,0.9447,
15620278900,11.7052,MenuTakeOut,-0.0755,1.1263,0.9365,
15633933500,11.7189,MenuTakeOut,-0.0766,1.1243,0.9339,
15647883800,11.7328,MenuTakeOut,-0.0387,1.1287,0.8890,
15661691700,11.7468,MenuTakeOut,-0.0400,1.1268,0.8868,
15675805900,11.7607,MenuTakeOut,-0.0404,1.1260,0.8857,
15689947400,11.7749,MenuTakeOut,-0.0113,1.1267,0.8456,
15703450300,11.7885,MenuTakeOut,-0.0088,1.1294,0.8477,
15718264400,11.8032,MenuTakeOut,-0.0027,1.1361,0.8529,
15731493900,11.8164,MenuTakeOut,0.0055,1.1463,0.8625,
15745722100,11.8308,MenuTakeOut,0.0141,1.1596,0.8777,
15759395400,11.8444,MenuTakeOut,0.0187,1.1664,0.8853,
15773518300,11.8584,MenuTakeOut,0.0209,1.1696,0.8888,
15787125000,11.8721,MenuTakeOut,0.0210,1.1701,0.8898,
15801040100,11.8860,MenuTakeOut,0.0211,1.1703,0.8900,
15814594800,11.8995,MenuTakeOut,0.0136,1.1611,0.8815,
15828972800,11.9139,MenuTakeOut,0.0145,1.1616,0.8814,
15842742800,11.9277,MenuTakeOut,0.0155,1.1619,0.8806,
15857025700,11.9418,MenuTakeOut,0.0112,1.1575,0.8775,
15870944600,11.9558,MenuTakeOut,0.0108,1.1563,0.8755,
15884472200,11.9695,MenuTakeOut,0.0031,1.1478,0.8689,
15898963700,11.9838,MenuTakeOut,0.0015,1.1452,0.8659,
15913396300,11.9982,MenuTakeOut,-0.0293,1.1346,0.8879,
15926915100,12.0119,MenuTakeOut,-0.0322,1.1298,0.8819,
15941137700,12.0259,MenuTakeOut,-0.0346,1.1256,0.8766,
15955551900,12.0403,MenuTakeOut,-0.0323,1.1275,0.8772,
15969630200,12.0544,MenuTakeOut,-0.0313,1.1280,0.8768,
15984168500,12.0690,MenuTakeOut,-0.0286,1.1319,0.8812,
15997664800,12.0825,MenuTakeOut,-0.0279,1.1322,0.8808,
16010695700,12.0954,MenuTakeOut,-0.0283,1.1317,0.8803,
16024681200,12.1096,MenuTakeOut,-0.0336,1.1305,0.8854,
16038229500,12.1231,MenuTakeOut,-0.0351,1.1299,0.8863,
16052347500,12.1371,MenuTakeOut,-0.0358,1.1304,0.8883,
16066184300,12.1510,MenuTakeOut,-0.0368,1.1300,0.8890,
16080223000,12.1650,MenuTakeOut,-0.0408,1.1284,0.8913,
16094169000,12.1790,MenuTakeOut,-0.0424,1.1267,0.8900,
16107895300,12.1927,MenuTakeOut,-0.0451,1.1242,0.8886,
16121499800,12.2064,MenuTakeOut,-0.0482,1.1217,0.8880,
16135924000,12.2207,MenuTakeOut,-0.0513,1.1204,0.8897,
16149808300,12.2346,MenuTakeOut,-0.0535,1.1216,0.8953,
16163495100,12.2485,MenuTakeOut,-0.0546,1.1223,0.8982,
16177649000,12.2624,MenuTakeOut,-0.0550,1.1230,0.9003,
16191642800,12.2765,MenuTakeOut,-0.0538,1.1252,0.9032,
16205441000,12.2904,MenuTakeOut,-0.0539,1.1254,0.9038,
16219291000,12.3042,MenuTakeOut,-0.0519,1.1281,0.9065,
16233604000,12.3182,MenuTakeOut,-0.0513,1.1292,0.9079,
16247721200,12.3326,MenuTakeOut,-0.0453,1.1343,0.9100,
16261166800,12.3462,MenuTakeOut,-0.0423,1.1377,0.9126,
16275026000,12.3599,MenuTakeOut,-0.0398,1.1397,0.9134,
16288935400,12.3737,MenuTakeOut,-0.0337,1.1430,0.9115,
